-- MySQL dump 10.13  Distrib 5.7.9, for osx10.9 (x86_64)
--
-- Host: localhost    Database: pokedexpress
-- ------------------------------------------------------
-- Server version	5.7.11

/*!40101 SET @OLD_CHARACTER_SET_CLIENT=@@CHARACTER_SET_CLIENT */;
/*!40101 SET @OLD_CHARACTER_SET_RESULTS=@@CHARACTER_SET_RESULTS */;
/*!40101 SET @OLD_COLLATION_CONNECTION=@@COLLATION_CONNECTION */;
/*!40101 SET NAMES utf8 */;
/*!40103 SET @OLD_TIME_ZONE=@@TIME_ZONE */;
/*!40103 SET TIME_ZONE='+00:00' */;
/*!40014 SET @OLD_UNIQUE_CHECKS=@@UNIQUE_CHECKS, UNIQUE_CHECKS=0 */;
/*!40014 SET @OLD_FOREIGN_KEY_CHECKS=@@FOREIGN_KEY_CHECKS, FOREIGN_KEY_CHECKS=0 */;
/*!40101 SET @OLD_SQL_MODE=@@SQL_MODE, SQL_MODE='NO_AUTO_VALUE_ON_ZERO' */;
/*!40111 SET @OLD_SQL_NOTES=@@SQL_NOTES, SQL_NOTES=0 */;

--
-- Table structure for table `abilities`
--

DROP TABLE IF EXISTS `abilities`;
/*!40101 SET @saved_cs_client     = @@character_set_client */;
/*!40101 SET character_set_client = utf8 */;
CREATE TABLE `abilities` (
  `id` int(11) DEFAULT NULL,
  `identifier` text,
  `generation_id` int(11) DEFAULT NULL,
  `is_main_series` int(11) DEFAULT NULL
) ENGINE=InnoDB DEFAULT CHARSET=latin1;
/*!40101 SET character_set_client = @saved_cs_client */;

--
-- Dumping data for table `abilities`
--

LOCK TABLES `abilities` WRITE;
/*!40000 ALTER TABLE `abilities` DISABLE KEYS */;
INSERT INTO `abilities` VALUES (1,'stench',3,1),(2,'drizzle',3,1),(3,'speed-boost',3,1),(4,'battle-armor',3,1),(5,'sturdy',3,1),(6,'damp',3,1),(7,'limber',3,1),(8,'sand-veil',3,1),(9,'static',3,1),(10,'volt-absorb',3,1),(11,'water-absorb',3,1),(12,'oblivious',3,1),(13,'cloud-nine',3,1),(14,'compound-eyes',3,1),(15,'insomnia',3,1),(16,'color-change',3,1),(17,'immunity',3,1),(18,'flash-fire',3,1),(19,'shield-dust',3,1),(20,'own-tempo',3,1),(21,'suction-cups',3,1),(22,'intimidate',3,1),(23,'shadow-tag',3,1),(24,'rough-skin',3,1),(25,'wonder-guard',3,1),(26,'levitate',3,1),(27,'effect-spore',3,1),(28,'synchronize',3,1),(29,'clear-body',3,1),(30,'natural-cure',3,1),(31,'lightning-rod',3,1),(32,'serene-grace',3,1),(33,'swift-swim',3,1),(34,'chlorophyll',3,1),(35,'illuminate',3,1),(36,'trace',3,1),(37,'huge-power',3,1),(38,'poison-point',3,1),(39,'inner-focus',3,1),(40,'magma-armor',3,1),(41,'water-veil',3,1),(42,'magnet-pull',3,1),(43,'soundproof',3,1),(44,'rain-dish',3,1),(45,'sand-stream',3,1),(46,'pressure',3,1),(47,'thick-fat',3,1),(48,'early-bird',3,1),(49,'flame-body',3,1),(50,'run-away',3,1),(51,'keen-eye',3,1),(52,'hyper-cutter',3,1),(53,'pickup',3,1),(54,'truant',3,1),(55,'hustle',3,1),(56,'cute-charm',3,1),(57,'plus',3,1),(58,'minus',3,1),(59,'forecast',3,1),(60,'sticky-hold',3,1),(61,'shed-skin',3,1),(62,'guts',3,1),(63,'marvel-scale',3,1),(64,'liquid-ooze',3,1),(65,'overgrow',3,1),(66,'blaze',3,1),(67,'torrent',3,1),(68,'swarm',3,1),(69,'rock-head',3,1),(70,'drought',3,1),(71,'arena-trap',3,1),(72,'vital-spirit',3,1),(73,'white-smoke',3,1),(74,'pure-power',3,1),(75,'shell-armor',3,1),(76,'air-lock',3,1),(77,'tangled-feet',4,1),(78,'motor-drive',4,1),(79,'rivalry',4,1),(80,'steadfast',4,1),(81,'snow-cloak',4,1),(82,'gluttony',4,1),(83,'anger-point',4,1),(84,'unburden',4,1),(85,'heatproof',4,1),(86,'simple',4,1),(87,'dry-skin',4,1),(88,'download',4,1),(89,'iron-fist',4,1),(90,'poison-heal',4,1),(91,'adaptability',4,1),(92,'skill-link',4,1),(93,'hydration',4,1),(94,'solar-power',4,1),(95,'quick-feet',4,1),(96,'normalize',4,1),(97,'sniper',4,1),(98,'magic-guard',4,1),(99,'no-guard',4,1),(100,'stall',4,1),(101,'technician',4,1),(102,'leaf-guard',4,1),(103,'klutz',4,1),(104,'mold-breaker',4,1),(105,'super-luck',4,1),(106,'aftermath',4,1),(107,'anticipation',4,1),(108,'forewarn',4,1),(109,'unaware',4,1),(110,'tinted-lens',4,1),(111,'filter',4,1),(112,'slow-start',4,1),(113,'scrappy',4,1),(114,'storm-drain',4,1),(115,'ice-body',4,1),(116,'solid-rock',4,1),(117,'snow-warning',4,1),(118,'honey-gather',4,1),(119,'frisk',4,1),(120,'reckless',4,1),(121,'multitype',4,1),(122,'flower-gift',4,1),(123,'bad-dreams',4,1),(124,'pickpocket',5,1),(125,'sheer-force',5,1),(126,'contrary',5,1),(127,'unnerve',5,1),(128,'defiant',5,1),(129,'defeatist',5,1),(130,'cursed-body',5,1),(131,'healer',5,1),(132,'friend-guard',5,1),(133,'weak-armor',5,1),(134,'heavy-metal',5,1),(135,'light-metal',5,1),(136,'multiscale',5,1),(137,'toxic-boost',5,1),(138,'flare-boost',5,1),(139,'harvest',5,1),(140,'telepathy',5,1),(141,'moody',5,1),(142,'overcoat',5,1),(143,'poison-touch',5,1),(144,'regenerator',5,1),(145,'big-pecks',5,1),(146,'sand-rush',5,1),(147,'wonder-skin',5,1),(148,'analytic',5,1),(149,'illusion',5,1),(150,'imposter',5,1),(151,'infiltrator',5,1),(152,'mummy',5,1),(153,'moxie',5,1),(154,'justified',5,1),(155,'rattled',5,1),(156,'magic-bounce',5,1),(157,'sap-sipper',5,1),(158,'prankster',5,1),(159,'sand-force',5,1),(160,'iron-barbs',5,1),(161,'zen-mode',5,1),(162,'victory-star',5,1),(163,'turboblaze',5,1),(164,'teravolt',5,1),(165,'aroma-veil',6,1),(166,'flower-veil',6,1),(167,'cheek-pouch',6,1),(168,'protean',6,1),(169,'fur-coat',6,1),(170,'magician',6,1),(171,'bulletproof',6,1),(172,'competitive',6,1),(173,'strong-jaw',6,1),(174,'refrigerate',6,1),(175,'sweet-veil',6,1),(176,'stance-change',6,1),(177,'gale-wings',6,1),(178,'mega-launcher',6,1),(179,'grass-pelt',6,1),(180,'symbiosis',6,1),(181,'tough-claws',6,1),(182,'pixilate',6,1),(183,'gooey',6,1),(184,'aerilate',6,1),(185,'parental-bond',6,1),(186,'dark-aura',6,1),(187,'fairy-aura',6,1),(188,'aura-break',6,1),(189,'primordial-sea',6,1),(190,'desolate-land',6,1),(191,'delta-stream',6,1),(10001,'mountaineer',5,0),(10002,'wave-rider',5,0),(10003,'skater',5,0),(10004,'thrust',5,0),(10005,'perception',5,0),(10006,'parry',5,0),(10007,'instinct',5,0),(10008,'dodge',5,0),(10009,'jagged-edge',5,0),(10010,'frostbite',5,0),(10011,'tenacity',5,0),(10012,'pride',5,0),(10013,'deep-sleep',5,0),(10014,'power-nap',5,0),(10015,'spirit',5,0),(10016,'warm-blanket',5,0),(10017,'gulp',5,0),(10018,'herbivore',5,0),(10019,'sandpit',5,0),(10020,'hot-blooded',5,0),(10021,'medic',5,0),(10022,'life-force',5,0),(10023,'lunchbox',5,0),(10024,'nurse',5,0),(10025,'melee',5,0),(10026,'sponge',5,0),(10027,'bodyguard',5,0),(10028,'hero',5,0),(10029,'last-bastion',5,0),(10030,'stealth',5,0),(10031,'vanguard',5,0),(10032,'nomad',5,0),(10033,'sequence',5,0),(10034,'grass-cloak',5,0),(10035,'celebrate',5,0),(10036,'lullaby',5,0),(10037,'calming',5,0),(10038,'daze',5,0),(10039,'frighten',5,0),(10040,'interference',5,0),(10041,'mood-maker',5,0),(10042,'confidence',5,0),(10043,'fortune',5,0),(10044,'bonanza',5,0),(10045,'explode',5,0),(10046,'omnipotent',5,0),(10047,'share',5,0),(10048,'black-hole',5,0),(10049,'shadow-dash',5,0),(10050,'sprint',5,0),(10051,'disgust',5,0),(10052,'high-rise',5,0),(10053,'climber',5,0),(10054,'flame-boost',5,0),(10055,'aqua-boost',5,0),(10056,'run-up',5,0),(10057,'conqueror',5,0),(10058,'shackle',5,0),(10059,'decoy',5,0),(10060,'shield',5,0);
/*!40000 ALTER TABLE `abilities` ENABLE KEYS */;
UNLOCK TABLES;

--
-- Table structure for table `berries`
--

DROP TABLE IF EXISTS `berries`;
/*!40101 SET @saved_cs_client     = @@character_set_client */;
/*!40101 SET character_set_client = utf8 */;
CREATE TABLE `berries` (
  `id` int(11) DEFAULT NULL,
  `item_id` int(11) DEFAULT NULL,
  `firmness_id` int(11) DEFAULT NULL,
  `natural_gift_power` int(11) DEFAULT NULL,
  `natural_gift_type_id` int(11) DEFAULT NULL,
  `size` int(11) DEFAULT NULL,
  `max_harvest` int(11) DEFAULT NULL,
  `growth_time` int(11) DEFAULT NULL,
  `soil_dryness` int(11) DEFAULT NULL,
  `smoothness` int(11) DEFAULT NULL
) ENGINE=InnoDB DEFAULT CHARSET=latin1;
/*!40101 SET character_set_client = @saved_cs_client */;

--
-- Dumping data for table `berries`
--

LOCK TABLES `berries` WRITE;
/*!40000 ALTER TABLE `berries` DISABLE KEYS */;
INSERT INTO `berries` VALUES (1,126,2,60,10,20,5,3,15,25),(2,127,5,60,11,80,5,3,15,25),(3,128,1,60,13,40,5,3,15,25),(4,129,3,60,12,32,5,3,15,25),(5,130,5,60,15,50,5,3,15,25),(6,131,4,60,2,28,5,4,15,20),(7,132,5,60,4,35,5,4,15,20),(8,133,3,60,5,47,5,4,15,20),(9,134,5,60,3,34,5,12,8,20),(10,135,4,60,14,95,5,8,7,20),(11,136,2,60,7,100,5,5,10,25),(12,137,3,60,6,115,5,5,10,25),(13,138,3,60,8,126,5,5,10,25),(14,139,5,60,16,64,5,5,10,25),(15,140,2,60,17,223,5,5,10,25),(16,141,4,60,9,120,10,2,35,20),(17,142,2,70,10,108,10,2,35,20),(18,143,4,70,11,77,10,2,35,20),(19,144,5,70,13,74,10,2,35,20),(20,145,3,70,12,80,10,2,35,20),(21,146,4,70,15,135,5,8,8,20),(22,147,3,70,2,150,5,8,8,20),(23,148,3,70,4,110,5,8,8,20),(24,149,3,70,5,162,5,8,8,20),(25,150,2,70,3,149,5,8,8,20),(26,151,2,70,14,200,5,8,8,30),(27,152,3,70,7,75,10,6,10,30),(28,153,3,70,6,140,10,6,10,30),(29,154,2,70,8,226,10,6,10,30),(30,155,5,70,16,285,10,6,10,30),(31,156,2,70,17,133,15,15,8,35),(32,157,1,70,9,244,15,15,8,35),(33,158,2,80,10,250,15,15,8,35),(34,159,3,80,11,280,15,15,8,35),(35,160,1,80,13,300,15,15,8,35),(36,161,5,60,10,90,5,18,6,30),(37,162,2,60,11,33,5,18,6,30),(38,163,1,60,13,250,5,18,6,30),(39,164,2,60,12,156,5,18,6,30),(40,165,4,60,15,135,5,18,6,30),(41,166,2,60,2,77,5,18,6,30),(42,167,3,60,4,90,5,18,6,30),(43,168,2,60,5,42,5,18,6,30),(44,169,4,60,3,278,5,18,6,30),(45,170,2,60,14,252,5,18,6,30),(46,171,1,60,7,42,5,18,6,35),(47,172,1,60,6,28,5,18,6,35),(48,173,3,60,8,144,5,18,6,35),(49,174,2,60,16,23,5,18,6,35),(50,175,5,60,17,39,5,18,6,35),(51,176,5,60,9,265,5,18,6,35),(52,177,1,60,1,34,5,18,6,35),(53,178,4,80,12,111,5,24,4,40),(54,179,4,80,15,33,5,24,4,40),(55,180,4,80,2,95,5,24,4,40),(56,181,4,80,4,237,5,24,4,40),(57,182,3,80,5,75,5,24,4,40),(58,183,2,80,3,97,5,24,4,50),(59,184,5,80,14,153,5,24,4,50),(60,185,3,80,7,155,5,24,7,60),(61,186,2,80,6,41,5,24,7,60),(62,187,5,80,8,267,5,24,7,60),(63,188,2,80,16,33,5,24,7,60),(64,189,1,80,17,52,5,24,7,60);
/*!40000 ALTER TABLE `berries` ENABLE KEYS */;
UNLOCK TABLES;

--
-- Table structure for table `egg_groups`
--

DROP TABLE IF EXISTS `egg_groups`;
/*!40101 SET @saved_cs_client     = @@character_set_client */;
/*!40101 SET character_set_client = utf8 */;
CREATE TABLE `egg_groups` (
  `id` int(11) DEFAULT NULL,
  `identifier` text
) ENGINE=InnoDB DEFAULT CHARSET=latin1;
/*!40101 SET character_set_client = @saved_cs_client */;

--
-- Dumping data for table `egg_groups`
--

LOCK TABLES `egg_groups` WRITE;
/*!40000 ALTER TABLE `egg_groups` DISABLE KEYS */;
INSERT INTO `egg_groups` VALUES (1,'monster'),(2,'water1'),(3,'bug'),(4,'flying'),(5,'ground'),(6,'fairy'),(7,'plant'),(8,'humanshape'),(9,'water3'),(10,'mineral'),(11,'indeterminate'),(12,'water2'),(13,'ditto'),(14,'dragon'),(15,'no-eggs');
/*!40000 ALTER TABLE `egg_groups` ENABLE KEYS */;
UNLOCK TABLES;

--
-- Table structure for table `experience`
--

DROP TABLE IF EXISTS `experience`;
/*!40101 SET @saved_cs_client     = @@character_set_client */;
/*!40101 SET character_set_client = utf8 */;
CREATE TABLE `experience` (
  `growth_rate_id` int(11) DEFAULT NULL,
  `level` int(11) DEFAULT NULL,
  `experience` int(11) DEFAULT NULL
) ENGINE=InnoDB DEFAULT CHARSET=latin1;
/*!40101 SET character_set_client = @saved_cs_client */;

--
-- Dumping data for table `experience`
--

LOCK TABLES `experience` WRITE;
/*!40000 ALTER TABLE `experience` DISABLE KEYS */;
INSERT INTO `experience` VALUES (1,1,0),(1,2,10),(1,3,33),(1,4,80),(1,5,156),(1,6,270),(1,7,428),(1,8,640),(1,9,911),(1,10,1250),(1,11,1663),(1,12,2160),(1,13,2746),(1,14,3430),(1,15,4218),(1,16,5120),(1,17,6141),(1,18,7290),(1,19,8573),(1,20,10000),(1,21,11576),(1,22,13310),(1,23,15208),(1,24,17280),(1,25,19531),(1,26,21970),(1,27,24603),(1,28,27440),(1,29,30486),(1,30,33750),(1,31,37238),(1,32,40960),(1,33,44921),(1,34,49130),(1,35,53593),(1,36,58320),(1,37,63316),(1,38,68590),(1,39,74148),(1,40,80000),(1,41,86151),(1,42,92610),(1,43,99383),(1,44,106480),(1,45,113906),(1,46,121670),(1,47,129778),(1,48,138240),(1,49,147061),(1,50,156250),(1,51,165813),(1,52,175760),(1,53,186096),(1,54,196830),(1,55,207968),(1,56,219520),(1,57,231491),(1,58,243890),(1,59,256723),(1,60,270000),(1,61,283726),(1,62,297910),(1,63,312558),(1,64,327680),(1,65,343281),(1,66,359370),(1,67,375953),(1,68,393040),(1,69,410636),(1,70,428750),(1,71,447388),(1,72,466560),(1,73,486271),(1,74,506530),(1,75,527343),(1,76,548720),(1,77,570666),(1,78,593190),(1,79,616298),(1,80,640000),(1,81,664301),(1,82,689210),(1,83,714733),(1,84,740880),(1,85,767656),(1,86,795070),(1,87,823128),(1,88,851840),(1,89,881211),(1,90,911250),(1,91,941963),(1,92,973360),(1,93,1005446),(1,94,1038230),(1,95,1071718),(1,96,1105920),(1,97,1140841),(1,98,1176490),(1,99,1212873),(1,100,1250000),(2,1,0),(2,2,8),(2,3,27),(2,4,64),(2,5,125),(2,6,216),(2,7,343),(2,8,512),(2,9,729),(2,10,1000),(2,11,1331),(2,12,1728),(2,13,2197),(2,14,2744),(2,15,3375),(2,16,4096),(2,17,4913),(2,18,5832),(2,19,6859),(2,20,8000),(2,21,9261),(2,22,10648),(2,23,12167),(2,24,13824),(2,25,15625),(2,26,17576),(2,27,19683),(2,28,21952),(2,29,24389),(2,30,27000),(2,31,29791),(2,32,32768),(2,33,35937),(2,34,39304),(2,35,42875),(2,36,46656),(2,37,50653),(2,38,54872),(2,39,59319),(2,40,64000),(2,41,68921),(2,42,74088),(2,43,79507),(2,44,85184),(2,45,91125),(2,46,97336),(2,47,103823),(2,48,110592),(2,49,117649),(2,50,125000),(2,51,132651),(2,52,140608),(2,53,148877),(2,54,157464),(2,55,166375),(2,56,175616),(2,57,185193),(2,58,195112),(2,59,205379),(2,60,216000),(2,61,226981),(2,62,238328),(2,63,250047),(2,64,262144),(2,65,274625),(2,66,287496),(2,67,300763),(2,68,314432),(2,69,328509),(2,70,343000),(2,71,357911),(2,72,373248),(2,73,389017),(2,74,405224),(2,75,421875),(2,76,438976),(2,77,456533),(2,78,474552),(2,79,493039),(2,80,512000),(2,81,531441),(2,82,551368),(2,83,571787),(2,84,592704),(2,85,614125),(2,86,636056),(2,87,658503),(2,88,681472),(2,89,704969),(2,90,729000),(2,91,753571),(2,92,778688),(2,93,804357),(2,94,830584),(2,95,857375),(2,96,884736),(2,97,912673),(2,98,941192),(2,99,970299),(2,100,1000000),(3,1,0),(3,2,6),(3,3,21),(3,4,51),(3,5,100),(3,6,172),(3,7,274),(3,8,409),(3,9,583),(3,10,800),(3,11,1064),(3,12,1382),(3,13,1757),(3,14,2195),(3,15,2700),(3,16,3276),(3,17,3930),(3,18,4665),(3,19,5487),(3,20,6400),(3,21,7408),(3,22,8518),(3,23,9733),(3,24,11059),(3,25,12500),(3,26,14060),(3,27,15746),(3,28,17561),(3,29,19511),(3,30,21600),(3,31,23832),(3,32,26214),(3,33,28749),(3,34,31443),(3,35,34300),(3,36,37324),(3,37,40522),(3,38,43897),(3,39,47455),(3,40,51200),(3,41,55136),(3,42,59270),(3,43,63605),(3,44,68147),(3,45,72900),(3,46,77868),(3,47,83058),(3,48,88473),(3,49,94119),(3,50,100000),(3,51,106120),(3,52,112486),(3,53,119101),(3,54,125971),(3,55,133100),(3,56,140492),(3,57,148154),(3,58,156089),(3,59,164303),(3,60,172800),(3,61,181584),(3,62,190662),(3,63,200037),(3,64,209715),(3,65,219700),(3,66,229996),(3,67,240610),(3,68,251545),(3,69,262807),(3,70,274400),(3,71,286328),(3,72,298598),(3,73,311213),(3,74,324179),(3,75,337500),(3,76,351180),(3,77,365226),(3,78,379641),(3,79,394431),(3,80,409600),(3,81,425152),(3,82,441094),(3,83,457429),(3,84,474163),(3,85,491300),(3,86,508844),(3,87,526802),(3,88,545177),(3,89,563975),(3,90,583200),(3,91,602856),(3,92,622950),(3,93,643485),(3,94,664467),(3,95,685900),(3,96,707788),(3,97,730138),(3,98,752953),(3,99,776239),(3,100,800000),(4,1,0),(4,2,9),(4,3,57),(4,4,96),(4,5,135),(4,6,179),(4,7,236),(4,8,314),(4,9,419),(4,10,560),(4,11,742),(4,12,973),(4,13,1261),(4,14,1612),(4,15,2035),(4,16,2535),(4,17,3120),(4,18,3798),(4,19,4575),(4,20,5460),(4,21,6458),(4,22,7577),(4,23,8825),(4,24,10208),(4,25,11735),(4,26,13411),(4,27,15244),(4,28,17242),(4,29,19411),(4,30,21760),(4,31,24294),(4,32,27021),(4,33,29949),(4,34,33084),(4,35,36435),(4,36,40007),(4,37,43808),(4,38,47846),(4,39,52127),(4,40,56660),(4,41,61450),(4,42,66505),(4,43,71833),(4,44,77440),(4,45,83335),(4,46,89523),(4,47,96012),(4,48,102810),(4,49,109923),(4,50,117360),(4,51,125126),(4,52,133229),(4,53,141677),(4,54,150476),(4,55,159635),(4,56,169159),(4,57,179056),(4,58,189334),(4,59,199999),(4,60,211060),(4,61,222522),(4,62,234393),(4,63,246681),(4,64,259392),(4,65,272535),(4,66,286115),(4,67,300140),(4,68,314618),(4,69,329555),(4,70,344960),(4,71,360838),(4,72,377197),(4,73,394045),(4,74,411388),(4,75,429235),(4,76,447591),(4,77,466464),(4,78,485862),(4,79,505791),(4,80,526260),(4,81,547274),(4,82,568841),(4,83,590969),(4,84,613664),(4,85,636935),(4,86,660787),(4,87,685228),(4,88,710266),(4,89,735907),(4,90,762160),(4,91,789030),(4,92,816525),(4,93,844653),(4,94,873420),(4,95,902835),(4,96,932903),(4,97,963632),(4,98,995030),(4,99,1027103),(4,100,1059860),(5,1,0),(5,2,15),(5,3,52),(5,4,122),(5,5,237),(5,6,406),(5,7,637),(5,8,942),(5,9,1326),(5,10,1800),(5,11,2369),(5,12,3041),(5,13,3822),(5,14,4719),(5,15,5737),(5,16,6881),(5,17,8155),(5,18,9564),(5,19,11111),(5,20,12800),(5,21,14632),(5,22,16610),(5,23,18737),(5,24,21012),(5,25,23437),(5,26,26012),(5,27,28737),(5,28,31610),(5,29,34632),(5,30,37800),(5,31,41111),(5,32,44564),(5,33,48155),(5,34,51881),(5,35,55737),(5,36,59719),(5,37,63822),(5,38,68041),(5,39,72369),(5,40,76800),(5,41,81326),(5,42,85942),(5,43,90637),(5,44,95406),(5,45,100237),(5,46,105122),(5,47,110052),(5,48,115015),(5,49,120001),(5,50,125000),(5,51,131324),(5,52,137795),(5,53,144410),(5,54,151165),(5,55,158056),(5,56,165079),(5,57,172229),(5,58,179503),(5,59,186894),(5,60,194400),(5,61,202013),(5,62,209728),(5,63,217540),(5,64,225443),(5,65,233431),(5,66,241496),(5,67,249633),(5,68,257834),(5,69,267406),(5,70,276458),(5,71,286328),(5,72,296358),(5,73,305767),(5,74,316074),(5,75,326531),(5,76,336255),(5,77,346965),(5,78,357812),(5,79,367807),(5,80,378880),(5,81,390077),(5,82,400293),(5,83,411686),(5,84,423190),(5,85,433572),(5,86,445239),(5,87,457001),(5,88,467489),(5,89,479378),(5,90,491346),(5,91,501878),(5,92,513934),(5,93,526049),(5,94,536557),(5,95,548720),(5,96,560922),(5,97,571333),(5,98,583539),(5,99,591882),(5,100,600000),(6,1,0),(6,2,4),(6,3,13),(6,4,32),(6,5,65),(6,6,112),(6,7,178),(6,8,276),(6,9,393),(6,10,540),(6,11,745),(6,12,967),(6,13,1230),(6,14,1591),(6,15,1957),(6,16,2457),(6,17,3046),(6,18,3732),(6,19,4526),(6,20,5440),(6,21,6482),(6,22,7666),(6,23,9003),(6,24,10506),(6,25,12187),(6,26,14060),(6,27,16140),(6,28,18439),(6,29,20974),(6,30,23760),(6,31,26811),(6,32,30146),(6,33,33780),(6,34,37731),(6,35,42017),(6,36,46656),(6,37,50653),(6,38,55969),(6,39,60505),(6,40,66560),(6,41,71677),(6,42,78533),(6,43,84277),(6,44,91998),(6,45,98415),(6,46,107069),(6,47,114205),(6,48,123863),(6,49,131766),(6,50,142500),(6,51,151222),(6,52,163105),(6,53,172697),(6,54,185807),(6,55,196322),(6,56,210739),(6,57,222231),(6,58,238036),(6,59,250562),(6,60,267840),(6,61,281456),(6,62,300293),(6,63,315059),(6,64,335544),(6,65,351520),(6,66,373744),(6,67,390991),(6,68,415050),(6,69,433631),(6,70,459620),(6,71,479600),(6,72,507617),(6,73,529063),(6,74,559209),(6,75,582187),(6,76,614566),(6,77,639146),(6,78,673863),(6,79,700115),(6,80,737280),(6,81,765275),(6,82,804997),(6,83,834809),(6,84,877201),(6,85,908905),(6,86,954084),(6,87,987754),(6,88,1035837),(6,89,1071552),(6,90,1122660),(6,91,1160499),(6,92,1214753),(6,93,1254796),(6,94,1312322),(6,95,1354652),(6,96,1415577),(6,97,1460276),(6,98,1524731),(6,99,1571884),(6,100,1640000);
/*!40000 ALTER TABLE `experience` ENABLE KEYS */;
UNLOCK TABLES;

--
-- Table structure for table `item_categories`
--

DROP TABLE IF EXISTS `item_categories`;
/*!40101 SET @saved_cs_client     = @@character_set_client */;
/*!40101 SET character_set_client = utf8 */;
CREATE TABLE `item_categories` (
  `id` int(11) DEFAULT NULL,
  `pocket_id` int(11) DEFAULT NULL,
  `identifier` text
) ENGINE=InnoDB DEFAULT CHARSET=latin1;
/*!40101 SET character_set_client = @saved_cs_client */;

--
-- Dumping data for table `item_categories`
--

LOCK TABLES `item_categories` WRITE;
/*!40000 ALTER TABLE `item_categories` DISABLE KEYS */;
INSERT INTO `item_categories` VALUES (1,7,'stat-boosts'),(2,5,'effort-drop'),(3,5,'medicine'),(4,5,'other'),(5,5,'in-a-pinch'),(6,5,'picky-healing'),(7,5,'type-protection'),(8,5,'baking-only'),(9,1,'collectibles'),(10,1,'evolution'),(11,1,'spelunking'),(12,1,'held-items'),(13,1,'choice'),(14,1,'effort-training'),(15,1,'bad-held-items'),(16,1,'training'),(17,1,'plates'),(18,1,'species-specific'),(19,1,'type-enhancement'),(20,8,'event-items'),(21,8,'gameplay'),(22,8,'plot-advancement'),(23,8,'unused'),(24,1,'loot'),(25,6,'all-mail'),(26,2,'vitamins'),(27,2,'healing'),(28,2,'pp-recovery'),(29,2,'revival'),(30,2,'status-cures'),(32,1,'mulch'),(33,3,'special-balls'),(34,3,'standard-balls'),(35,1,'dex-completion'),(36,1,'scarves'),(37,4,'all-machines'),(38,7,'flutes'),(39,3,'apricorn-balls'),(40,8,'apricorn-box'),(41,8,'data-cards'),(42,1,'jewels'),(43,7,'miracle-shooter'),(44,1,'mega-stones'),(10001,8,'xy-unknown');
/*!40000 ALTER TABLE `item_categories` ENABLE KEYS */;
UNLOCK TABLES;

--
-- Table structure for table `item_flags`
--

DROP TABLE IF EXISTS `item_flags`;
/*!40101 SET @saved_cs_client     = @@character_set_client */;
/*!40101 SET character_set_client = utf8 */;
CREATE TABLE `item_flags` (
  `id` int(11) DEFAULT NULL,
  `identifier` text
) ENGINE=InnoDB DEFAULT CHARSET=latin1;
/*!40101 SET character_set_client = @saved_cs_client */;

--
-- Dumping data for table `item_flags`
--

LOCK TABLES `item_flags` WRITE;
/*!40000 ALTER TABLE `item_flags` DISABLE KEYS */;
INSERT INTO `item_flags` VALUES (1,'countable'),(2,'consumable'),(3,'usable-overworld'),(4,'usable-in-battle'),(5,'holdable'),(6,'holdable-passive'),(7,'holdable-active'),(8,'underground');
/*!40000 ALTER TABLE `item_flags` ENABLE KEYS */;
UNLOCK TABLES;

--
-- Table structure for table `items`
--

DROP TABLE IF EXISTS `items`;
/*!40101 SET @saved_cs_client     = @@character_set_client */;
/*!40101 SET character_set_client = utf8 */;
CREATE TABLE `items` (
  `id` int(11) DEFAULT NULL,
  `identifier` text,
  `category_id` int(11) DEFAULT NULL,
  `cost` int(11) DEFAULT NULL,
  `fling_power` text,
  `fling_effect_id` text
) ENGINE=InnoDB DEFAULT CHARSET=latin1;
/*!40101 SET character_set_client = @saved_cs_client */;

--
-- Dumping data for table `items`
--

LOCK TABLES `items` WRITE;
/*!40000 ALTER TABLE `items` DISABLE KEYS */;
INSERT INTO `items` VALUES (1,'master-ball',34,0,'',''),(2,'ultra-ball',34,1200,'',''),(3,'great-ball',34,600,'',''),(4,'poke-ball',34,200,'',''),(5,'safari-ball',34,0,'',''),(6,'net-ball',33,1000,'',''),(7,'dive-ball',33,1000,'',''),(8,'nest-ball',33,1000,'',''),(9,'repeat-ball',33,1000,'',''),(10,'timer-ball',33,1000,'',''),(11,'luxury-ball',33,1000,'',''),(12,'premier-ball',33,200,'',''),(13,'dusk-ball',33,1000,'',''),(14,'heal-ball',33,300,'',''),(15,'quick-ball',33,1000,'',''),(16,'cherish-ball',33,200,'',''),(17,'potion',27,300,'30',''),(18,'antidote',30,100,'30',''),(19,'burn-heal',30,250,'30',''),(20,'ice-heal',30,250,'30',''),(21,'awakening',30,250,'30',''),(22,'paralyze-heal',30,200,'30',''),(23,'full-restore',27,3000,'30',''),(24,'max-potion',27,2500,'30',''),(25,'hyper-potion',27,1200,'30',''),(26,'super-potion',27,700,'30',''),(27,'full-heal',30,600,'30',''),(28,'revive',29,1500,'30',''),(29,'max-revive',29,4000,'30',''),(30,'fresh-water',27,200,'30',''),(31,'soda-pop',27,300,'30',''),(32,'lemonade',27,350,'30',''),(33,'moomoo-milk',27,500,'30',''),(34,'energy-powder',27,500,'30',''),(35,'energy-root',27,800,'30',''),(36,'heal-powder',30,450,'30',''),(37,'revival-herb',29,2800,'30',''),(38,'ether',28,1200,'30',''),(39,'max-ether',28,2000,'30',''),(40,'elixir',28,3000,'30',''),(41,'max-elixir',28,4500,'30',''),(42,'lava-cookie',30,200,'30',''),(43,'berry-juice',27,100,'30',''),(44,'sacred-ash',29,200,'30',''),(45,'hp-up',26,9800,'30',''),(46,'protein',26,9800,'30',''),(47,'iron',26,9800,'30',''),(48,'carbos',26,9800,'30',''),(49,'calcium',26,9800,'30',''),(50,'rare-candy',26,4800,'30',''),(51,'pp-up',26,9800,'30',''),(52,'zinc',26,9800,'30',''),(53,'pp-max',26,9800,'30',''),(54,'old-gateau',30,200,'30',''),(55,'guard-spec',1,700,'30',''),(56,'dire-hit',1,650,'30',''),(57,'x-attack',1,500,'30',''),(58,'x-defense',1,550,'30',''),(59,'x-speed',1,350,'30',''),(60,'x-accuracy',1,950,'30',''),(61,'x-sp-atk',1,350,'30',''),(62,'x-sp-def',1,350,'30',''),(63,'poke-doll',11,1000,'30',''),(64,'fluffy-tail',11,1000,'30',''),(65,'blue-flute',38,100,'30',''),(66,'yellow-flute',38,200,'30',''),(67,'red-flute',38,300,'30',''),(68,'black-flute',11,400,'30',''),(69,'white-flute',11,500,'30',''),(70,'shoal-salt',9,20,'30',''),(71,'shoal-shell',9,20,'30',''),(72,'red-shard',9,200,'30',''),(73,'blue-shard',9,200,'30',''),(74,'yellow-shard',9,200,'30',''),(75,'green-shard',9,200,'30',''),(76,'super-repel',11,500,'30',''),(77,'max-repel',11,700,'30',''),(78,'escape-rope',11,550,'30',''),(79,'repel',11,350,'30',''),(80,'sun-stone',10,2100,'30',''),(81,'moon-stone',10,2100,'30',''),(82,'fire-stone',10,2100,'30',''),(83,'thunder-stone',10,2100,'30',''),(84,'water-stone',10,2100,'30',''),(85,'leaf-stone',10,2100,'30',''),(86,'tiny-mushroom',24,500,'30',''),(87,'big-mushroom',24,5000,'30',''),(88,'pearl',24,1400,'30',''),(89,'big-pearl',24,7500,'30',''),(90,'stardust',24,2000,'30',''),(91,'star-piece',24,9800,'30',''),(92,'nugget',24,10000,'30',''),(93,'heart-scale',9,100,'30',''),(94,'honey',35,100,'30',''),(95,'growth-mulch',32,200,'30',''),(96,'damp-mulch',32,200,'30',''),(97,'stable-mulch',32,200,'30',''),(98,'gooey-mulch',32,200,'30',''),(99,'root-fossil',35,1000,'100',''),(100,'claw-fossil',35,1000,'100',''),(101,'helix-fossil',35,1000,'100',''),(102,'dome-fossil',35,1000,'100',''),(103,'old-amber',35,1000,'100',''),(104,'armor-fossil',35,1000,'100',''),(105,'skull-fossil',35,1000,'100',''),(106,'rare-bone',24,10000,'100',''),(107,'shiny-stone',10,2100,'80',''),(108,'dusk-stone',10,2100,'80',''),(109,'dawn-stone',10,2100,'80',''),(110,'oval-stone',10,2100,'80',''),(111,'odd-keystone',35,2100,'80',''),(112,'adamant-orb',18,10000,'60',''),(113,'lustrous-orb',18,10000,'60',''),(114,'grass-mail',25,50,'',''),(115,'flame-mail',25,50,'',''),(116,'bubble-mail',25,50,'',''),(117,'bloom-mail',25,50,'',''),(118,'tunnel-mail',25,50,'',''),(119,'steel-mail',25,50,'',''),(120,'heart-mail',25,50,'',''),(121,'snow-mail',25,50,'',''),(122,'space-mail',25,50,'',''),(123,'air-mail',25,50,'',''),(124,'mosaic-mail',25,50,'',''),(125,'brick-mail',25,50,'',''),(126,'cheri-berry',3,20,'10','3'),(127,'chesto-berry',3,20,'10','3'),(128,'pecha-berry',3,20,'10','3'),(129,'rawst-berry',3,20,'10','3'),(130,'aspear-berry',3,20,'10','3'),(131,'leppa-berry',3,20,'10','3'),(132,'oran-berry',3,20,'10','3'),(133,'persim-berry',3,20,'10','3'),(134,'lum-berry',3,20,'10','3'),(135,'sitrus-berry',3,20,'10','3'),(136,'figy-berry',6,20,'10','3'),(137,'wiki-berry',6,20,'10','3'),(138,'mago-berry',6,20,'10','3'),(139,'aguav-berry',6,20,'10','3'),(140,'iapapa-berry',6,20,'10','3'),(141,'razz-berry',8,20,'10',''),(142,'bluk-berry',8,20,'10',''),(143,'nanab-berry',8,20,'10',''),(144,'wepear-berry',8,20,'10',''),(145,'pinap-berry',8,20,'10',''),(146,'pomeg-berry',2,20,'10',''),(147,'kelpsy-berry',2,20,'10',''),(148,'qualot-berry',2,20,'10',''),(149,'hondew-berry',2,20,'10',''),(150,'grepa-berry',2,20,'10',''),(151,'tamato-berry',2,20,'10',''),(152,'cornn-berry',8,20,'10',''),(153,'magost-berry',8,20,'10',''),(154,'rabuta-berry',8,20,'10',''),(155,'nomel-berry',8,20,'10',''),(156,'spelon-berry',8,20,'10',''),(157,'pamtre-berry',8,20,'10',''),(158,'watmel-berry',8,20,'10',''),(159,'durin-berry',8,20,'10',''),(160,'belue-berry',8,20,'10',''),(161,'occa-berry',7,20,'10',''),(162,'passho-berry',7,20,'10',''),(163,'wacan-berry',7,20,'10',''),(164,'rindo-berry',7,20,'10',''),(165,'yache-berry',7,20,'10',''),(166,'chople-berry',7,20,'10',''),(167,'kebia-berry',7,20,'10',''),(168,'shuca-berry',7,20,'10',''),(169,'coba-berry',7,20,'10',''),(170,'payapa-berry',7,20,'10',''),(171,'tanga-berry',7,20,'10',''),(172,'charti-berry',7,20,'10',''),(173,'kasib-berry',7,20,'10',''),(174,'haban-berry',7,20,'10',''),(175,'colbur-berry',7,20,'10',''),(176,'babiri-berry',7,20,'10',''),(177,'chilan-berry',7,20,'10',''),(178,'liechi-berry',5,20,'10','3'),(179,'ganlon-berry',5,20,'10','3'),(180,'salac-berry',5,20,'10','3'),(181,'petaya-berry',5,20,'10','3'),(182,'apicot-berry',5,20,'10','3'),(183,'lansat-berry',5,20,'10','3'),(184,'starf-berry',5,20,'10','3'),(185,'enigma-berry',4,20,'10',''),(186,'micle-berry',5,20,'10','3'),(187,'custap-berry',5,20,'10',''),(188,'jaboca-berry',4,20,'10',''),(189,'rowap-berry',4,20,'10',''),(190,'bright-powder',12,10,'10',''),(191,'white-herb',12,100,'10','4'),(192,'macho-brace',14,3000,'60',''),(193,'exp-share',16,3000,'30',''),(194,'quick-claw',12,100,'80',''),(195,'soothe-bell',16,100,'10',''),(196,'mental-herb',12,100,'10','4'),(197,'choice-band',13,100,'10',''),(198,'kings-rock',12,100,'30','7'),(199,'silver-powder',19,100,'10',''),(200,'amulet-coin',16,100,'30',''),(201,'cleanse-tag',16,200,'30',''),(202,'soul-dew',18,200,'30',''),(203,'deep-sea-tooth',18,200,'90',''),(204,'deep-sea-scale',18,200,'30',''),(205,'smoke-ball',12,200,'30',''),(206,'everstone',16,200,'30',''),(207,'focus-band',12,200,'10',''),(208,'lucky-egg',16,200,'30',''),(209,'scope-lens',12,200,'30',''),(210,'metal-coat',19,100,'30',''),(211,'leftovers',12,200,'10',''),(212,'dragon-scale',10,2100,'30',''),(213,'light-ball',18,100,'30','5'),(214,'soft-sand',19,100,'10',''),(215,'hard-stone',19,100,'100',''),(216,'miracle-seed',19,100,'30',''),(217,'black-glasses',19,100,'30',''),(218,'black-belt',19,100,'30',''),(219,'magnet',19,100,'30',''),(220,'mystic-water',19,100,'30',''),(221,'sharp-beak',19,100,'50',''),(222,'poison-barb',19,100,'70','6'),(223,'never-melt-ice',19,100,'30',''),(224,'spell-tag',19,100,'30',''),(225,'twisted-spoon',19,100,'30',''),(226,'charcoal',19,9800,'30',''),(227,'dragon-fang',19,100,'70',''),(228,'silk-scarf',19,100,'10',''),(229,'up-grade',10,2100,'30',''),(230,'shell-bell',12,200,'30',''),(231,'sea-incense',19,9600,'10',''),(232,'lax-incense',12,9600,'10',''),(233,'lucky-punch',18,10,'40',''),(234,'metal-powder',18,10,'10',''),(235,'thick-club',18,500,'90',''),(236,'stick',18,200,'60',''),(237,'red-scarf',36,100,'10',''),(238,'blue-scarf',36,100,'10',''),(239,'pink-scarf',36,100,'10',''),(240,'green-scarf',36,100,'10',''),(241,'yellow-scarf',36,100,'10',''),(242,'wide-lens',12,200,'10',''),(243,'muscle-band',12,200,'10',''),(244,'wise-glasses',12,200,'10',''),(245,'expert-belt',12,200,'10',''),(246,'light-clay',12,200,'30',''),(247,'life-orb',12,200,'30',''),(248,'power-herb',12,100,'10',''),(249,'toxic-orb',15,100,'30','1'),(250,'flame-orb',15,100,'30','2'),(251,'quick-powder',18,10,'10',''),(252,'focus-sash',12,200,'10',''),(253,'zoom-lens',12,200,'10',''),(254,'metronome',12,200,'30',''),(255,'iron-ball',15,200,'130',''),(256,'lagging-tail',15,200,'10',''),(257,'destiny-knot',12,200,'10',''),(258,'black-sludge',12,200,'30',''),(259,'icy-rock',12,200,'40',''),(260,'smooth-rock',12,200,'10',''),(261,'heat-rock',12,200,'60',''),(262,'damp-rock',12,200,'60',''),(263,'grip-claw',12,200,'90',''),(264,'choice-scarf',13,200,'10',''),(265,'sticky-barb',15,200,'80',''),(266,'power-bracer',14,3000,'70',''),(267,'power-belt',14,3000,'70',''),(268,'power-lens',14,3000,'70',''),(269,'power-band',14,3000,'70',''),(270,'power-anklet',14,3000,'70',''),(271,'power-weight',14,3000,'70',''),(272,'shed-shell',12,100,'10',''),(273,'big-root',12,200,'10',''),(274,'choice-specs',13,200,'10',''),(275,'flame-plate',17,1000,'90',''),(276,'splash-plate',17,1000,'90',''),(277,'zap-plate',17,1000,'90',''),(278,'meadow-plate',17,1000,'90',''),(279,'icicle-plate',17,1000,'90',''),(280,'fist-plate',17,1000,'90',''),(281,'toxic-plate',17,1000,'90',''),(282,'earth-plate',17,1000,'90',''),(283,'sky-plate',17,1000,'90',''),(284,'mind-plate',17,1000,'90',''),(285,'insect-plate',17,1000,'90',''),(286,'stone-plate',17,1000,'90',''),(287,'spooky-plate',17,1000,'90',''),(288,'draco-plate',17,1000,'90',''),(289,'dread-plate',17,1000,'90',''),(290,'iron-plate',17,1000,'90',''),(291,'odd-incense',19,9600,'10',''),(292,'rock-incense',19,9600,'10',''),(293,'full-incense',15,9600,'10',''),(294,'wave-incense',19,9600,'10',''),(295,'rose-incense',19,9600,'10',''),(296,'luck-incense',16,9600,'10',''),(297,'pure-incense',16,9600,'10',''),(298,'protector',10,2100,'80',''),(299,'electirizer',10,2100,'80',''),(300,'magmarizer',10,2100,'80',''),(301,'dubious-disc',10,2100,'50',''),(302,'reaper-cloth',10,2100,'10',''),(303,'razor-claw',12,2100,'80',''),(304,'razor-fang',12,2100,'30','7'),(305,'tm01',37,3000,'',''),(306,'tm02',37,3000,'',''),(307,'tm03',37,3000,'',''),(308,'tm04',37,1500,'',''),(309,'tm05',37,1000,'',''),(310,'tm06',37,3000,'',''),(311,'tm07',37,2000,'',''),(312,'tm08',37,1500,'',''),(313,'tm09',37,2000,'',''),(314,'tm10',37,2000,'',''),(315,'tm11',37,2000,'',''),(316,'tm12',37,1500,'',''),(317,'tm13',37,3000,'',''),(318,'tm14',37,5500,'',''),(319,'tm15',37,7500,'',''),(320,'tm16',37,2000,'',''),(321,'tm17',37,2000,'',''),(322,'tm18',37,2000,'',''),(323,'tm19',37,3000,'',''),(324,'tm20',37,2000,'',''),(325,'tm21',37,1000,'',''),(326,'tm22',37,3000,'',''),(327,'tm23',37,3000,'',''),(328,'tm24',37,3000,'',''),(329,'tm25',37,5500,'',''),(330,'tm26',37,3000,'',''),(331,'tm27',37,1000,'',''),(332,'tm28',37,2000,'',''),(333,'tm29',37,3000,'',''),(334,'tm30',37,3000,'',''),(335,'tm31',37,3000,'',''),(336,'tm32',37,1000,'',''),(337,'tm33',37,2000,'',''),(338,'tm34',37,3000,'',''),(339,'tm35',37,3000,'',''),(340,'tm36',37,3000,'',''),(341,'tm37',37,2000,'',''),(342,'tm38',37,5500,'',''),(343,'tm39',37,2000,'',''),(344,'tm40',37,3000,'',''),(345,'tm41',37,1500,'',''),(346,'tm42',37,3000,'',''),(347,'tm43',37,2000,'',''),(348,'tm44',37,3000,'',''),(349,'tm45',37,3000,'',''),(350,'tm46',37,2000,'',''),(351,'tm47',37,3000,'',''),(352,'tm48',37,3000,'',''),(353,'tm49',37,1500,'',''),(354,'tm50',37,5500,'',''),(355,'tm51',37,2000,'',''),(356,'tm52',37,5500,'',''),(357,'tm53',37,3000,'',''),(358,'tm54',37,2000,'',''),(359,'tm55',37,3000,'',''),(360,'tm56',37,2000,'',''),(361,'tm57',37,3000,'',''),(362,'tm58',37,2000,'',''),(363,'tm59',37,3000,'',''),(364,'tm60',37,3000,'',''),(365,'tm61',37,2000,'',''),(366,'tm62',37,3000,'',''),(367,'tm63',37,2000,'',''),(368,'tm64',37,7500,'',''),(369,'tm65',37,3000,'',''),(370,'tm66',37,3000,'',''),(371,'tm67',37,1000,'',''),(372,'tm68',37,7500,'',''),(373,'tm69',37,1500,'',''),(374,'tm70',37,1000,'',''),(375,'tm71',37,3000,'',''),(376,'tm72',37,3000,'',''),(377,'tm73',37,2000,'',''),(378,'tm74',37,3000,'',''),(379,'tm75',37,1500,'',''),(380,'tm76',37,2000,'',''),(381,'tm77',37,1500,'',''),(382,'tm78',37,1500,'',''),(383,'tm79',37,3000,'',''),(384,'tm80',37,3000,'',''),(385,'tm81',37,3000,'',''),(386,'tm82',37,1000,'',''),(387,'tm83',37,2000,'',''),(388,'tm84',37,3000,'',''),(389,'tm85',37,3000,'',''),(390,'tm86',37,3000,'',''),(391,'tm87',37,1500,'',''),(392,'tm88',37,3000,'',''),(393,'tm89',37,3000,'',''),(394,'tm90',37,2000,'',''),(395,'tm91',37,3000,'',''),(396,'tm92',37,5500,'',''),(397,'hm01',37,0,'',''),(398,'hm02',37,0,'',''),(399,'hm03',37,0,'',''),(400,'hm04',37,0,'',''),(401,'hm05',37,0,'',''),(402,'hm06',37,0,'',''),(403,'hm07',37,0,'',''),(404,'hm08',37,0,'',''),(405,'explorer-kit',21,0,'',''),(406,'loot-sack',23,0,'',''),(407,'rule-book',23,0,'',''),(408,'poke-radar',21,0,'',''),(409,'point-card',21,0,'',''),(410,'journal',21,0,'',''),(411,'seal-case',21,0,'',''),(412,'fashion-case',21,0,'',''),(413,'seal-bag',23,0,'',''),(414,'pal-pad',21,0,'',''),(415,'works-key',22,0,'',''),(416,'old-charm',22,0,'',''),(417,'galactic-key',22,0,'',''),(418,'red-chain',23,0,'',''),(419,'town-map',21,0,'',''),(420,'vs-seeker',21,0,'',''),(421,'coin-case',21,0,'',''),(422,'old-rod',21,0,'',''),(423,'good-rod',21,0,'',''),(424,'super-rod',21,0,'',''),(425,'sprayduck',21,0,'',''),(426,'poffin-case',21,0,'',''),(427,'bicycle',21,0,'',''),(428,'suite-key',20,0,'',''),(429,'oaks-letter',20,0,'',''),(430,'lunar-wing',20,0,'',''),(431,'member-card',20,0,'',''),(432,'azure-flute',20,0,'',''),(433,'ss-ticket',22,0,'',''),(434,'contest-pass',21,0,'',''),(435,'magma-stone',22,0,'',''),(436,'parcel',22,0,'',''),(437,'coupon-1',22,0,'',''),(438,'coupon-2',22,0,'',''),(439,'coupon-3',22,0,'',''),(440,'storage-key',22,0,'',''),(441,'secret-potion',22,0,'',''),(442,'griseous-orb',18,10000,'',''),(443,'vs-recorder',21,0,'',''),(444,'gracidea',20,0,'',''),(445,'secret-key',20,0,'',''),(446,'apricorn-box',21,0,'',''),(447,'berry-pots',21,0,'',''),(448,'squirt-bottle',22,0,'',''),(449,'lure-ball',39,300,'',''),(450,'level-ball',39,300,'',''),(451,'moon-ball',39,300,'',''),(452,'heavy-ball',39,300,'',''),(453,'fast-ball',39,300,'',''),(454,'friend-ball',39,300,'',''),(455,'love-ball',39,300,'',''),(456,'park-ball',34,0,'',''),(457,'sport-ball',34,0,'',''),(458,'red-apricorn',40,0,'',''),(459,'blue-apricorn',40,0,'',''),(460,'yellow-apricorn',40,0,'',''),(461,'green-apricorn',40,0,'',''),(462,'pink-apricorn',40,0,'',''),(463,'white-apricorn',40,0,'',''),(464,'black-apricorn',40,0,'',''),(465,'dowsing-machine',21,0,'',''),(466,'rage-candy-bar',21,0,'',''),(467,'red-orb',22,0,'',''),(468,'blue-orb',22,0,'',''),(469,'jade-orb',22,0,'',''),(470,'enigma-stone',20,0,'',''),(471,'unown-report',21,0,'',''),(472,'blue-card',21,0,'',''),(473,'slowpoke-tail',23,0,'',''),(474,'clear-bell',22,0,'',''),(475,'card-key',22,0,'',''),(476,'basement-key',22,0,'',''),(477,'red-scale',22,0,'',''),(478,'lost-item',22,0,'',''),(479,'pass',22,0,'',''),(480,'machine-part',22,0,'',''),(481,'silver-wing',22,0,'',''),(482,'rainbow-wing',22,0,'',''),(483,'mystery-egg',22,0,'',''),(484,'gb-sounds',21,0,'',''),(485,'tidal-bell',22,0,'',''),(486,'data-card-01',41,0,'',''),(487,'data-card-02',41,0,'',''),(488,'data-card-03',41,0,'',''),(489,'data-card-04',41,0,'',''),(490,'data-card-05',41,0,'',''),(491,'data-card-06',41,0,'',''),(492,'data-card-07',41,0,'',''),(493,'data-card-08',41,0,'',''),(494,'data-card-09',41,0,'',''),(495,'data-card-10',41,0,'',''),(496,'data-card-11',41,0,'',''),(497,'data-card-12',41,0,'',''),(498,'data-card-13',41,0,'',''),(499,'data-card-14',41,0,'',''),(500,'data-card-15',41,0,'',''),(501,'data-card-16',41,0,'',''),(502,'data-card-17',41,0,'',''),(503,'data-card-18',41,0,'',''),(504,'data-card-19',41,0,'',''),(505,'data-card-20',41,0,'',''),(506,'data-card-21',41,0,'',''),(507,'data-card-22',41,0,'',''),(508,'data-card-23',41,0,'',''),(509,'data-card-24',41,0,'',''),(510,'data-card-25',41,0,'',''),(511,'data-card-26',41,0,'',''),(512,'data-card-27',41,0,'',''),(513,'lock-capsule',23,0,'',''),(514,'photo-album',23,0,'',''),(515,'orange-mail',25,50,'',''),(516,'harbor-mail',25,50,'',''),(517,'glitter-mail',25,50,'',''),(518,'mech-mail',25,50,'',''),(519,'wood-mail',25,50,'',''),(520,'wave-mail',25,50,'',''),(521,'bead-mail',25,50,'',''),(522,'shadow-mail',25,50,'',''),(523,'tropic-mail',25,50,'',''),(524,'dream-mail',25,50,'',''),(525,'fab-mail',25,50,'',''),(526,'retro-mail',25,0,'',''),(527,'mach-bike',21,0,'',''),(528,'acro-bike',21,0,'',''),(529,'wailmer-pail',21,0,'',''),(530,'devon-goods',22,0,'',''),(531,'soot-sack',21,0,'',''),(532,'pokeblock-case',21,0,'',''),(533,'letter',22,0,'',''),(534,'eon-ticket',20,0,'',''),(535,'scanner',22,0,'',''),(536,'go-goggles',21,0,'',''),(537,'meteorite',22,0,'',''),(538,'rm-1-key',22,0,'',''),(539,'rm-2-key',22,0,'',''),(540,'rm-4-key',22,0,'',''),(541,'rm-6-key',22,0,'',''),(542,'devon-scope',21,0,'',''),(543,'oaks-parcel',22,0,'',''),(544,'poke-flute',22,0,'',''),(545,'bike-voucher',22,0,'',''),(546,'gold-teeth',22,0,'',''),(547,'lift-key',22,0,'',''),(548,'silph-scope',22,0,'',''),(549,'fame-checker',21,0,'',''),(550,'tm-case',21,0,'',''),(551,'berry-pouch',21,0,'',''),(552,'teachy-tv',21,0,'',''),(553,'tri-pass',22,0,'',''),(554,'rainbow-pass',22,0,'',''),(555,'tea',22,0,'',''),(556,'mysticticket',20,0,'',''),(557,'auroraticket',20,0,'',''),(558,'powder-jar',21,0,'',''),(559,'ruby',22,0,'',''),(560,'sapphire',22,0,'',''),(561,'magma-emblem',22,0,'',''),(562,'old-sea-map',20,0,'',''),(563,'douse-drive',18,1000,'70',''),(564,'shock-drive',18,1000,'70',''),(565,'burn-drive',18,1000,'70',''),(566,'chill-drive',18,1000,'70',''),(567,'sweet-heart',27,100,'30',''),(568,'greet-mail',25,50,'',''),(569,'favored-mail',25,50,'',''),(570,'rsvp-mail',25,50,'',''),(571,'thanks-mail',25,50,'',''),(572,'inquiry-mail',25,50,'',''),(573,'like-mail',25,50,'',''),(574,'reply-mail',25,50,'',''),(575,'bridge-mail-s',25,50,'',''),(576,'bridge-mail-d',25,50,'',''),(577,'bridge-mail-t',25,50,'',''),(578,'bridge-mail-v',25,50,'',''),(579,'bridge-mail-m',25,50,'',''),(580,'prism-scale',10,500,'30',''),(581,'eviolite',12,200,'40',''),(582,'float-stone',12,200,'30',''),(583,'rocky-helmet',12,200,'60',''),(584,'air-balloon',12,200,'10',''),(585,'red-card',12,200,'10',''),(586,'ring-target',12,200,'10',''),(587,'binding-band',12,200,'30',''),(588,'absorb-bulb',12,200,'30',''),(589,'cell-battery',12,200,'30',''),(590,'eject-button',12,200,'30',''),(591,'fire-gem',42,200,'',''),(592,'water-gem',42,200,'',''),(593,'electric-gem',42,200,'',''),(594,'grass-gem',42,200,'',''),(595,'ice-gem',42,200,'',''),(596,'fighting-gem',42,200,'',''),(597,'poison-gem',42,200,'',''),(598,'ground-gem',42,200,'',''),(599,'flying-gem',42,200,'',''),(600,'psychic-gem',42,200,'',''),(601,'bug-gem',42,200,'',''),(602,'rock-gem',42,200,'',''),(603,'ghost-gem',42,200,'',''),(604,'dark-gem',42,200,'',''),(605,'steel-gem',42,200,'',''),(606,'health-wing',26,3000,'20',''),(607,'muscle-wing',26,3000,'20',''),(608,'resist-wing',26,3000,'20',''),(609,'genius-wing',26,3000,'20',''),(610,'clever-wing',26,3000,'20',''),(611,'swift-wing',26,3000,'20',''),(612,'pretty-wing',24,200,'20',''),(613,'cover-fossil',35,1000,'100',''),(614,'plume-fossil',35,1000,'100',''),(615,'liberty-pass',20,0,'',''),(616,'pass-orb',12,200,'30',''),(617,'dream-ball',33,0,'',''),(618,'poke-toy',11,1000,'30',''),(619,'prop-case',21,0,'',''),(620,'dragon-skull',22,0,'',''),(621,'balm-mushroom',24,0,'30',''),(622,'big-nugget',24,0,'30',''),(623,'pearl-string',24,0,'30',''),(624,'comet-shard',24,0,'30',''),(625,'relic-copper',24,0,'30',''),(626,'relic-silver',24,0,'30',''),(627,'relic-gold',24,0,'30',''),(628,'relic-vase',24,0,'30',''),(629,'relic-band',24,0,'30',''),(630,'relic-statue',24,0,'30',''),(631,'relic-crown',24,0,'30',''),(632,'casteliacone',30,100,'30',''),(633,'dire-hit-2',43,0,'',''),(634,'x-speed-2',43,0,'',''),(635,'x-sp-atk-2',43,0,'',''),(636,'x-sp-def-2',43,0,'',''),(637,'x-defense-2',43,0,'',''),(638,'x-attack-2',43,0,'',''),(639,'x-accuracy-2',43,0,'',''),(640,'x-speed-3',43,0,'',''),(641,'x-sp-atk-3',43,0,'',''),(642,'x-sp-def-3',43,0,'',''),(643,'x-defense-3',43,0,'',''),(644,'x-attack-3',43,0,'',''),(645,'x-accuracy-3',43,0,'',''),(646,'x-speed-6',43,0,'',''),(647,'x-sp-atk-6',43,0,'',''),(648,'x-sp-def-6',43,0,'',''),(649,'x-defense-6',43,0,'',''),(650,'x-attack-6',43,0,'',''),(651,'x-accuracy-6',43,0,'',''),(652,'ability-urge',43,0,'',''),(653,'item-drop',43,0,'',''),(654,'item-urge',43,0,'',''),(655,'reset-urge',43,0,'',''),(656,'dire-hit-3',43,0,'',''),(657,'light-stone',22,0,'',''),(658,'dark-stone',22,0,'',''),(659,'tm93',37,10000,'',''),(660,'tm94',37,10000,'',''),(661,'tm95',37,10000,'',''),(662,'xtransceiver',21,0,'',''),(663,'god-stone',23,0,'',''),(664,'gram-1',22,0,'',''),(665,'gram-2',22,0,'',''),(666,'gram-3',22,0,'',''),(668,'dragon-gem',42,200,'',''),(669,'normal-gem',42,200,'',''),(670,'medal-box',21,0,'',''),(671,'dna-splicers',21,0,'',''),(673,'permit',21,0,'',''),(674,'oval-charm',21,0,'',''),(675,'shiny-charm',21,0,'',''),(676,'plasma-card',22,0,'',''),(677,'grubby-hanky',22,0,'',''),(678,'colress-machine',22,0,'',''),(679,'dropped-item',22,0,'',''),(681,'reveal-glass',21,0,'',''),(682,'weakness-policy',12,0,'',''),(683,'assault-vest',12,0,'',''),(684,'pixie-plate',17,0,'',''),(685,'ability-capsule',26,0,'',''),(686,'whipped-dream',10,0,'',''),(687,'sachet',10,0,'',''),(688,'luminous-moss',12,0,'',''),(689,'snowball',12,0,'',''),(690,'safety-goggles',12,0,'',''),(691,'rich-mulch',32,0,'',''),(692,'surprise-mulch',32,0,'',''),(693,'boost-mulch',32,0,'',''),(694,'amaze-mulch',32,0,'',''),(695,'gengarite',44,0,'',''),(696,'gardevoirite',44,0,'',''),(697,'ampharosite',44,0,'',''),(698,'venusaurite',44,0,'',''),(699,'charizardite-x',44,0,'',''),(700,'blastoisinite',44,0,'',''),(701,'mewtwonite-x',44,0,'',''),(702,'mewtwonite-y',44,0,'',''),(703,'blazikenite',44,0,'',''),(704,'medichamite',44,0,'',''),(705,'houndoominite',44,0,'',''),(706,'aggronite',44,0,'',''),(707,'banettite',44,0,'',''),(708,'tyranitarite',44,0,'',''),(709,'scizorite',44,0,'',''),(710,'pinsirite',44,0,'',''),(711,'aerodactylite',44,0,'',''),(712,'lucarionite',44,0,'',''),(713,'abomasite',44,0,'',''),(714,'kangaskhanite',44,0,'',''),(715,'gyaradosite',44,0,'',''),(716,'absolite',44,0,'',''),(717,'charizardite-y',44,0,'',''),(718,'alakazite',44,0,'',''),(719,'heracronite',44,0,'',''),(720,'mawilite',44,0,'',''),(721,'manectite',44,0,'',''),(722,'garchompite',44,0,'',''),(723,'roseli-berry',7,0,'',''),(724,'kee-berry',4,0,'',''),(725,'maranga-berry',4,0,'',''),(726,'discount-coupon',10001,0,'',''),(727,'strange-souvenir',10001,0,'',''),(728,'lumiose-galette',30,0,'',''),(729,'jaw-fossil',35,0,'',''),(730,'sail-fossil',35,0,'',''),(731,'fairy-gem',42,0,'',''),(732,'adventure-rules',21,0,'',''),(733,'elevator-key',22,0,'',''),(734,'holo-caster',21,0,'',''),(735,'honor-of-kalos',22,0,'',''),(736,'intriguing-stone',22,0,'',''),(737,'lens-case',21,0,'',''),(738,'looker-ticket',22,0,'',''),(739,'mega-ring',21,0,'',''),(740,'power-plant-pass',22,0,'',''),(741,'profs-letter',22,0,'',''),(742,'roller-skates',21,0,'',''),(743,'sprinklotad',21,0,'',''),(744,'tmv-pass',21,0,'',''),(745,'tm96',37,0,'',''),(746,'tm97',37,0,'',''),(747,'tm98',37,0,'',''),(748,'tm99',37,0,'',''),(749,'tm100',37,0,'','');
/*!40000 ALTER TABLE `items` ENABLE KEYS */;
UNLOCK TABLES;

--
-- Table structure for table `locations`
--

DROP TABLE IF EXISTS `locations`;
/*!40101 SET @saved_cs_client     = @@character_set_client */;
/*!40101 SET character_set_client = utf8 */;
CREATE TABLE `locations` (
  `id` int(11) DEFAULT NULL,
  `region_id` int(11) DEFAULT NULL,
  `identifier` text
) ENGINE=InnoDB DEFAULT CHARSET=latin1;
/*!40101 SET character_set_client = @saved_cs_client */;

--
-- Dumping data for table `locations`
--

LOCK TABLES `locations` WRITE;
/*!40000 ALTER TABLE `locations` DISABLE KEYS */;
INSERT INTO `locations` VALUES (1,4,'canalave-city'),(2,4,'eterna-city'),(3,4,'pastoria-city'),(4,4,'sunyshore-city'),(5,4,'sinnoh-pokemon-league'),(6,4,'oreburgh-mine'),(7,4,'valley-windworks'),(8,4,'eterna-forest'),(9,4,'fuego-ironworks'),(10,4,'mt-coronet'),(11,4,'great-marsh'),(12,4,'solaceon-ruins'),(13,4,'sinnoh-victory-road'),(14,4,'ravaged-path'),(15,4,'oreburgh-gate'),(16,4,'stark-mountain'),(17,4,'spring-path'),(18,4,'turnback-cave'),(19,4,'snowpoint-temple'),(20,4,'wayward-cave'),(22,4,'ruin-maniac-cave'),(23,4,'trophy-garden'),(24,4,'iron-island'),(25,4,'old-chateau'),(26,4,'lake-verity'),(27,4,'lake-valor'),(28,4,'lake-acuity'),(29,4,'valor-lakefront'),(30,4,'acuity-lakefront'),(31,4,'sinnoh-route-201'),(32,4,'sinnoh-route-202'),(33,4,'sinnoh-route-203'),(34,4,'sinnoh-route-204'),(35,4,'sinnoh-route-205'),(36,4,'sinnoh-route-206'),(37,4,'sinnoh-route-207'),(38,4,'sinnoh-route-208'),(39,4,'sinnoh-route-209'),(40,4,'lost-tower'),(41,4,'sinnoh-route-210'),(42,4,'sinnoh-route-211'),(43,4,'sinnoh-route-212'),(44,4,'sinnoh-route-213'),(45,4,'sinnoh-route-214'),(46,4,'sinnoh-route-215'),(47,4,'sinnoh-route-216'),(48,4,'sinnoh-route-217'),(49,4,'sinnoh-route-218'),(50,4,'sinnoh-route-219'),(51,4,'sinnoh-route-221'),(52,4,'sinnoh-route-222'),(53,4,'sinnoh-route-224'),(54,4,'sinnoh-route-225'),(55,4,'sinnoh-route-227'),(56,4,'sinnoh-route-228'),(57,4,'sinnoh-route-229'),(58,4,'twinleaf-town'),(59,4,'celestic-town'),(60,4,'resort-area'),(61,4,'sinnoh-sea-route-220'),(62,4,'sinnoh-sea-route-223'),(63,4,'sinnoh-sea-route-226'),(64,4,'sinnoh-sea-route-230'),(65,2,'blackthorn-city'),(66,2,'burned-tower'),(67,1,'celadon-city'),(68,1,'cerulean-city'),(69,2,'cherrygrove-city'),(70,2,'cianwood-city'),(71,1,'cinnabar-island'),(72,2,'dark-cave'),(73,1,'digletts-cave'),(74,2,'dragons-den'),(75,2,'ecruteak-city'),(76,1,'fuchsia-city'),(77,2,'ice-path'),(78,2,'ilex-forest'),(79,2,'lake-of-rage'),(80,1,'mt-moon'),(81,2,'mt-mortar'),(82,2,'mt-silver'),(83,2,'national-park'),(84,2,'new-bark-town'),(85,2,'olivine-city'),(86,1,'pallet-town'),(87,1,'rock-tunnel'),(88,1,'kanto-route-1'),(89,1,'kanto-route-10'),(90,1,'kanto-route-11'),(91,1,'kanto-route-12'),(92,1,'kanto-route-13'),(93,1,'kanto-route-14'),(94,1,'kanto-route-15'),(95,1,'kanto-route-16'),(96,1,'kanto-route-17'),(97,1,'kanto-route-18'),(98,1,'kanto-sea-route-19'),(99,1,'kanto-route-2'),(100,1,'kanto-sea-route-20'),(101,1,'kanto-sea-route-21'),(102,1,'kanto-route-22'),(103,1,'kanto-route-24'),(104,1,'kanto-route-25'),(105,1,'kanto-route-26'),(106,1,'kanto-route-27'),(107,1,'kanto-route-28'),(108,2,'johto-route-29'),(109,1,'kanto-route-3'),(110,2,'johto-route-30'),(111,2,'johto-route-31'),(112,2,'johto-route-32'),(113,2,'johto-route-33'),(114,2,'johto-route-34'),(115,2,'johto-route-35'),(116,2,'johto-route-36'),(117,2,'johto-route-37'),(118,2,'johto-route-38'),(119,2,'johto-route-39'),(120,1,'kanto-route-4'),(121,2,'johto-sea-route-40'),(122,2,'johto-sea-route-41'),(123,2,'johto-route-42'),(124,2,'johto-route-43'),(125,2,'johto-route-44'),(126,2,'johto-route-45'),(127,2,'johto-route-46'),(128,2,'johto-route-47'),(129,2,'johto-route-48'),(130,1,'kanto-route-5'),(131,1,'kanto-route-6'),(132,1,'kanto-route-7'),(133,1,'kanto-route-8'),(134,1,'kanto-route-9'),(135,2,'ruins-of-alph'),(136,1,'seafoam-islands'),(137,2,'slowpoke-well'),(138,2,'sprout-tower'),(139,2,'bell-tower'),(140,2,'tohjo-falls'),(141,2,'union-cave'),(147,1,'cerulean-cave'),(148,2,'unknown-all-poliwag'),(149,2,'unknown-all-rattata'),(150,2,'unknown-all-bugs'),(151,1,'vermilion-city'),(152,1,'kanto-victory-road-1'),(153,2,'violet-city'),(154,1,'viridian-city'),(155,1,'viridian-forest'),(156,2,'whirl-islands'),(157,1,'kanto-route-23'),(158,1,'power-plant'),(159,1,'kanto-victory-road-2'),(160,1,'pokemon-tower'),(161,1,'pokemon-mansion'),(162,1,'kanto-safari-zone'),(163,4,'sandgem-town'),(164,4,'floaroma-town'),(165,4,'solaceon-town'),(167,4,'jubilife-city'),(168,4,'oreburgh-city'),(169,4,'hearthome-city'),(170,4,'veilstone-city'),(171,4,'snowpoint-city'),(172,4,'spear-pillar'),(173,4,'pal-park'),(174,4,'amity-square'),(175,4,'floaroma-meadow'),(177,4,'fullmoon-island'),(178,4,'sendoff-spring'),(179,4,'flower-paradise'),(180,4,'maniac-tunnel'),(181,4,'galactic-hq'),(182,4,'verity-lakefront'),(183,4,'newmoon-island'),(184,4,'sinnoh-battle-tower'),(185,4,'fight-area'),(186,4,'survival-area'),(187,4,'seabreak-path'),(188,4,'sinnoh-hall-of-origin-1'),(189,4,'sinnoh-hall-of-origin-2'),(190,4,'verity-cavern'),(191,4,'valor-cavern'),(192,4,'acuity-cavern'),(193,4,'jubilife-tv'),(194,4,'poketch-co'),(195,4,'gts'),(196,4,'trainers-school'),(197,4,'mining-museum'),(198,4,'sinnoh-flower-shop'),(199,4,'sinnoh-cycle-shop'),(200,4,'contest-hall'),(201,4,'poffin-house'),(202,4,'sinnoh-foreign-building'),(203,4,'pokemon-day-care'),(204,4,'veilstone-store'),(205,4,'sinnoh-game-corner'),(206,4,'canalave-library'),(207,4,'vista-lighthouse'),(208,4,'sunyshore-market'),(209,4,'footstep-house'),(210,4,'sinnoh-cafe'),(211,4,'grand-lake'),(212,4,'sinnoh-restaurant'),(213,4,'battle-park'),(214,4,'battle-frontier'),(215,4,'battle-factory'),(216,4,'battle-castle'),(217,4,'battle-arcade'),(218,4,'battle-hall'),(219,4,'distortion-world'),(220,4,'sinnoh-global-terminal'),(221,4,'sinnoh-villa'),(222,4,'battleground'),(223,4,'rotoms-room'),(224,4,'tg-eterna-bldg'),(225,4,'iron-ruins'),(226,4,'iceberg-ruins'),(227,4,'rock-peak-ruins'),(228,2,'azalea-town'),(229,2,'goldenrod-city'),(230,2,'mahogany-town'),(231,1,'pewter-city'),(232,1,'lavender-town'),(233,1,'indigo-plateau'),(234,1,'saffron-city'),(236,2,'johto-lighthouse'),(237,2,'team-rocket-hq'),(238,2,'goldenrod-tunnel'),(239,2,'mt-silver-cave'),(241,2,'pokeathlon-dome'),(242,2,'ss-aqua'),(243,2,'safari-zone-gate'),(244,2,'cliff-cave'),(245,2,'frontier-access'),(246,2,'bellchime-trail'),(247,2,'sinjoh-ruins'),(248,2,'embedded-tower'),(249,2,'pokewalker'),(250,2,'cliff-edge-gate'),(252,2,'radio-tower'),(344,5,'unova-mystery-zone'),(345,5,'unova-faraway-place'),(346,5,'nuvema-town'),(347,5,'accumula-town'),(348,5,'striaton-city'),(349,5,'nacrene-city'),(350,5,'castelia-city'),(351,5,'nimbasa-city'),(352,5,'driftveil-city'),(353,5,'mistralton-city'),(354,5,'icirrus-city'),(355,5,'opelucid-city'),(356,5,'unova-route-1'),(357,5,'unova-route-2'),(358,5,'unova-route-3'),(359,5,'unova-route-4'),(360,5,'unova-route-5'),(361,5,'unova-route-6'),(362,5,'unova-route-7'),(363,5,'unova-route-8'),(364,5,'unova-route-9'),(365,5,'unova-route-10'),(366,5,'unova-route-11'),(367,5,'unova-route-12'),(368,5,'unova-route-13'),(369,5,'unova-route-14'),(370,5,'unova-route-15'),(371,5,'unova-route-16'),(372,5,'unova-route-17'),(373,5,'unova-route-18'),(374,5,'dreamyard'),(375,5,'pinwheel-forest'),(376,5,'desert-resort'),(377,5,'relic-castle'),(378,5,'cold-storage'),(379,5,'chargestone-cave'),(380,5,'twist-mountain'),(381,5,'dragonspiral-tower'),(382,5,'unova-victory-road'),(383,5,'lacunosa-town'),(384,5,'undella-town'),(385,5,'anville-town'),(386,5,'unova-pokemon-league'),(387,5,'ns-castle'),(388,5,'royal-unova'),(389,5,'gear-station'),(390,5,'battle-subway'),(391,5,'musical-theater'),(392,5,'black-city'),(393,5,'white-forest'),(394,5,'unity-tower'),(395,5,'wellspring-cave'),(396,5,'mistralton-cave'),(397,5,'rumination-field'),(398,5,'celestial-tower'),(399,5,'moor-of-icirrus'),(400,5,'unova-shopping-mall'),(401,5,'challengers-cave'),(402,5,'poke-transfer-lab'),(403,5,'giant-chasm'),(404,5,'liberty-garden'),(405,5,'p2-laboratory'),(406,5,'skyarrow-bridge'),(407,5,'driftveil-drawbridge'),(408,5,'tubeline-bridge'),(409,5,'village-bridge'),(410,5,'marvelous-bridge'),(411,5,'entralink'),(412,5,'abundant-shrine'),(413,5,'undella-bay'),(414,5,'lostlorn-forest'),(415,5,'trial-chamber'),(416,5,'guidance-chamber'),(417,5,'entree-forest'),(418,5,'accumula-gate'),(419,5,'undella-gate'),(420,5,'nacrene-gate'),(421,5,'castelia-gate'),(422,5,'nimbasa-gate'),(423,5,'opelucid-gate'),(424,5,'black-gate'),(425,5,'white-gate'),(426,5,'bridge-gate'),(427,5,'route-gate'),(428,5,'abyssal-ruins'),(429,3,'petalburg-city'),(430,3,'slateport-city'),(431,3,'lilycove-city'),(432,3,'mossdeep-city'),(433,3,'sootopolis-city'),(434,3,'ever-grande-city'),(435,3,'meteor-falls'),(436,3,'rusturf-tunnel'),(437,3,'granite-cave'),(438,3,'petalburg-woods'),(439,3,'jagged-pass'),(440,3,'fiery-path'),(441,3,'mt-pyre'),(442,3,'seafloor-cavern'),(443,3,'cave-of-origin'),(444,3,'hoenn-victory-road'),(445,3,'shoal-cave'),(446,3,'new-mauville'),(447,3,'abandoned-ship'),(448,3,'sky-pillar'),(449,3,'hoenn-route-101'),(450,3,'hoenn-route-102'),(451,3,'hoenn-route-103'),(452,3,'hoenn-route-104'),(453,3,'hoenn-route-105'),(454,3,'hoenn-route-106'),(455,3,'hoenn-route-107'),(456,3,'hoenn-route-108'),(457,3,'hoenn-route-109'),(458,3,'hoenn-route-110'),(459,3,'hoenn-route-111'),(460,3,'hoenn-route-112'),(461,3,'hoenn-route-113'),(462,3,'hoenn-route-114'),(463,3,'hoenn-route-115'),(464,3,'hoenn-route-116'),(465,3,'hoenn-route-117'),(466,3,'hoenn-route-118'),(467,3,'hoenn-route-119'),(468,3,'hoenn-route-120'),(469,3,'hoenn-route-121'),(470,3,'hoenn-route-122'),(471,3,'hoenn-route-123'),(472,3,'hoenn-route-124'),(473,3,'hoenn-route-125'),(474,3,'hoenn-route-126'),(475,3,'hoenn-route-127'),(476,3,'hoenn-route-128'),(477,3,'hoenn-route-129'),(478,3,'hoenn-route-130'),(479,3,'hoenn-route-131'),(480,3,'hoenn-route-132'),(481,3,'hoenn-route-133'),(482,3,'hoenn-route-134'),(483,3,'hoenn-safari-zone'),(484,3,'dewford-town'),(485,3,'pacifidlog-town'),(486,3,'magma-hideout'),(487,3,'mirage-tower'),(488,3,'desert-underpass'),(489,3,'artisan-cave'),(490,3,'hoenn-altering-cave'),(491,1,'monean-chamber'),(492,1,'liptoo-chamber'),(493,1,'weepth-chamber'),(494,1,'dilford-chamber'),(495,1,'scufib-chamber'),(496,1,'rixy-chamber'),(497,1,'viapos-chamber'),(498,1,'ss-anne'),(499,1,'kanto-victory-road-3'),(500,1,'mt-ember'),(501,1,'berry-forest'),(502,1,'icefall-cave'),(503,1,'pattern-bush'),(504,1,'lost-cave'),(505,1,'kindle-road'),(506,1,'treasure-beach'),(507,1,'cape-brink'),(508,1,'bond-bridge'),(509,1,'three-isle-port'),(510,1,'resort-gorgeous'),(511,1,'water-labyrinth'),(512,1,'five-isle-meadow'),(513,1,'memorial-pillar'),(514,1,'outcast-island'),(515,1,'green-path'),(516,1,'water-path'),(517,1,'ruin-valley'),(518,1,'trainer-tower'),(519,1,'canyon-entrance'),(520,1,'sevault-canyon'),(521,1,'tanoby-ruins'),(522,1,'kanto-route-19'),(523,1,'kanto-route-20'),(524,1,'kanto-route-21'),(526,1,'one-island'),(527,1,'four-island'),(528,1,'five-island'),(529,1,'kanto-altering-cave'),(530,1,'kanto-victory-road-4'),(531,5,'aspertia-city'),(532,5,'virbank-city'),(533,5,'humilau-city'),(534,5,'pokestar-studios'),(535,5,'join-avenue'),(536,5,'floccesy-town'),(537,5,'lentimas-town'),(538,5,'route-19'),(539,5,'route-20'),(540,5,'route-21'),(541,5,'route-22'),(542,5,'route-23'),(543,5,'castelia-sewers'),(544,5,'floccesy-ranch'),(545,5,'virbank-complex'),(546,5,'reversal-mountain'),(547,5,'strange-house'),(548,5,'unova-victory-road-2'),(549,5,'plasma-frigate'),(550,5,'relic-passage'),(551,5,'clay-tunnel'),(552,5,'white-treehollow'),(553,5,'black-tower'),(554,5,'seaside-cave'),(555,5,'cave-of-being'),(556,5,'hidden-grotto'),(557,5,'marine-tube'),(558,5,'virbank-gate'),(559,5,'aspertia-gate'),(560,5,'nature-sanctuary'),(561,5,'medal-secretariat'),(562,5,'underground-ruins'),(563,5,'rocky-mountain-room'),(564,5,'glacier-room'),(565,5,'iron-room'),(566,5,'pledge-grove'),(567,3,'littleroot-town'),(568,3,'oldale-town'),(569,3,'lavaridge-town'),(570,3,'fallarbor-town'),(571,3,'verdanturf-town'),(572,3,'mauville-city'),(573,3,'rustboro-city'),(574,3,'fortree-city'),(575,3,'underwater'),(576,3,'mt-chimney'),(577,3,'mirage-island'),(578,3,'southern-island'),(579,3,'sealed-chamber'),(580,3,'scorched-slab'),(581,3,'island-cave'),(582,3,'desert-ruins'),(583,3,'ancient-tomb'),(584,3,'inside-of-truck'),(585,3,'secret-base'),(586,3,'hoenn-battle-tower'),(587,6,'vaniville-town'),(588,6,'kalos-route-1'),(589,6,'vaniville-pathway'),(590,6,'aquacorde-town'),(591,6,'kalos-route-2'),(592,6,'avance-trail'),(593,6,'santalune-forest'),(594,6,'kalos-route-3'),(595,6,'ouvert-way'),(596,6,'santalune-city'),(597,6,'kalos-route-4'),(598,6,'parterre-way'),(599,6,'lumiose-city'),(600,6,'prism-tower'),(601,6,'lysandre-labs'),(602,6,'kalos-route-5'),(603,6,'versant-road'),(604,6,'camphrier-town'),(605,6,'shabboneau-castle'),(606,6,'kalos-route-6'),(607,6,'palais-lane'),(608,6,'parfum-palace'),(609,6,'kalos-route-7'),(610,6,'rivire-walk'),(611,6,'cyllage-city'),(612,6,'kalos-route-8'),(613,6,'muraille-coast'),(614,6,'ambrette-town'),(615,6,'kalos-route-9'),(616,6,'spikes-passage'),(617,6,'battle-chateau'),(618,6,'kalos-route-10'),(619,6,'menhir-trail'),(620,6,'geosenge-town'),(621,6,'kalos-route-11'),(622,6,'miroir-way'),(623,6,'reflection-cave'),(624,6,'shalour-city'),(625,6,'tower-of-mastery'),(626,6,'kalos-route-12'),(627,6,'fourrage-road'),(628,6,'coumarine-city'),(629,6,'kalos-route-13'),(630,6,'lumiose-badlands'),(631,6,'kalos-route-14'),(632,6,'laverre-nature-trail'),(633,6,'laverre-city'),(634,6,'poke-ball-factory'),(635,6,'kalos-route-15'),(636,6,'brun-way'),(637,6,'dendemille-town'),(638,6,'kalos-route-16'),(639,6,'melancolie-path'),(640,6,'frost-cavern'),(641,6,'kalos-route-17'),(642,6,'mamoswine-road'),(643,6,'anistar-city'),(644,6,'kalos-route-18'),(645,6,'vallee-etroite-way'),(646,6,'couriway-town'),(647,6,'kalos-route-19'),(648,6,'grande-vallee-way'),(649,6,'snowbelle-city'),(650,6,'kalos-route-20'),(651,6,'winding-woods'),(652,6,'pokemon-village'),(653,6,'kalos-route-21'),(654,6,'dernire-way'),(655,6,'kalos-route-22'),(656,6,'detourner-way'),(657,6,'victory-road'),(658,6,'pokemon-league'),(659,6,'kiloude-city'),(660,6,'battle-maison'),(661,6,'azure-bay'),(662,6,'dendemille-gate'),(663,6,'couriway-gate'),(664,6,'ambrette-gate'),(665,6,'lumiose-gate'),(666,6,'shalour-gate'),(667,6,'coumarine-gate'),(668,6,'laverre-gate'),(669,6,'anistar-gate'),(670,6,'snowbelle-gate'),(671,6,'glittering-cave'),(672,6,'connecting-cave'),(673,6,'zubat-roost'),(674,6,'kalos-power-plant'),(675,6,'team-flare-secret-hq'),(676,6,'terminus-cave'),(677,6,'lost-hotel'),(678,6,'chamber-of-emptiness'),(679,6,'sea-spirits-den'),(680,6,'friend-safari'),(681,6,'blazing-chamber'),(682,6,'flood-chamber'),(683,6,'ironworks-chamber'),(684,6,'dragonmark-chamber'),(685,6,'radiant-chamber'),(686,6,'pokemon-league-gate'),(687,6,'lumiose-station'),(688,6,'kiloude-station'),(689,6,'ambrette-aquarium'),(690,6,'unknown-dungeon');
/*!40000 ALTER TABLE `locations` ENABLE KEYS */;
UNLOCK TABLES;

--
-- Table structure for table `moves`
--

DROP TABLE IF EXISTS `moves`;
/*!40101 SET @saved_cs_client     = @@character_set_client */;
/*!40101 SET character_set_client = utf8 */;
CREATE TABLE `moves` (
  `id` int(11) DEFAULT NULL,
  `identifier` text,
  `generation_id` int(11) DEFAULT NULL,
  `type_id` int(11) DEFAULT NULL,
  `power` int(11) DEFAULT NULL,
  `pp` int(11) DEFAULT NULL,
  `accuracy` int(11) DEFAULT NULL,
  `priority` int(11) DEFAULT NULL,
  `target_id` int(11) DEFAULT NULL,
  `damage_class_id` int(11) DEFAULT NULL,
  `effect_id` int(11) DEFAULT NULL,
  `effect_chance` text,
  `contest_type_id` int(11) DEFAULT NULL,
  `contest_effect_id` int(11) DEFAULT NULL,
  `super_contest_effect_id` int(11) DEFAULT NULL
) ENGINE=InnoDB DEFAULT CHARSET=latin1;
/*!40101 SET character_set_client = @saved_cs_client */;

--
-- Dumping data for table `moves`
--

LOCK TABLES `moves` WRITE;
/*!40000 ALTER TABLE `moves` DISABLE KEYS */;
INSERT INTO `moves` VALUES (1,'pound',1,1,40,35,100,0,10,2,1,'',5,1,5),(2,'karate-chop',1,2,50,25,100,0,10,2,44,'',5,2,5),(3,'double-slap',1,1,15,10,85,0,10,2,30,'',5,10,7),(4,'comet-punch',1,1,18,15,85,0,10,2,30,'',5,12,7),(5,'mega-punch',1,1,80,20,85,0,10,2,1,'',5,1,18),(6,'pay-day',1,1,40,20,100,0,10,2,35,'',4,11,23),(7,'fire-punch',1,10,75,15,100,0,10,2,5,'10',2,1,17),(8,'ice-punch',1,15,75,15,100,0,10,2,6,'10',2,1,17),(9,'thunder-punch',1,13,75,15,100,0,10,2,7,'10',1,1,17),(10,'scratch',1,1,40,35,100,0,10,2,1,'',5,1,5),(11,'vice-grip',1,1,55,30,100,0,10,2,1,'',5,1,5),(13,'razor-wind',1,1,80,10,100,0,11,3,40,'',1,2,6),(15,'cut',1,1,50,30,95,0,10,2,1,'',1,14,5),(16,'gust',1,3,40,35,100,0,10,3,150,'',4,21,5),(17,'wing-attack',1,3,60,35,100,0,10,2,1,'',1,12,5),(19,'fly',1,3,90,15,95,0,10,2,156,'',4,15,6),(20,'bind',1,1,15,20,85,0,10,2,43,'100',5,24,21),(21,'slam',1,1,80,20,75,0,10,2,1,'',5,23,5),(22,'vine-whip',1,12,45,25,100,0,10,2,1,'',1,1,5),(23,'stomp',1,1,65,20,100,0,10,2,151,'30',5,4,5),(24,'double-kick',1,2,30,30,100,0,10,2,45,'',1,12,7),(25,'mega-kick',1,1,120,5,75,0,10,2,1,'',1,1,18),(26,'jump-kick',1,2,100,10,95,0,10,2,46,'',1,3,5),(27,'rolling-kick',1,2,60,15,85,0,10,2,32,'30',1,5,5),(29,'headbutt',1,1,70,15,100,0,10,2,32,'30',5,9,5),(30,'horn-attack',1,1,65,25,100,0,10,2,1,'',1,1,5),(31,'fury-attack',1,1,15,20,85,0,10,2,30,'',1,10,7),(33,'tackle',1,1,50,35,100,0,10,2,1,'',5,1,5),(34,'body-slam',1,1,85,15,100,0,10,2,7,'30',5,4,5),(35,'wrap',1,1,15,20,90,0,10,2,43,'100',5,24,21),(36,'take-down',1,1,90,20,85,0,10,2,49,'',5,3,5),(37,'thrash',1,1,120,10,100,0,8,2,28,'',5,6,7),(38,'double-edge',1,1,120,15,100,0,10,2,199,'',5,3,9),(40,'poison-sting',1,4,15,35,100,0,10,2,3,'30',4,9,19),(41,'twineedle',1,7,25,20,100,0,10,2,78,'20',1,9,7),(42,'pin-missile',1,7,25,20,95,0,10,2,30,'',1,10,7),(44,'bite',1,17,60,25,100,0,10,2,32,'30',5,5,5),(51,'acid',1,4,40,30,100,0,11,3,73,'10',4,4,5),(52,'ember',1,10,40,25,100,0,10,3,5,'10',2,1,5),(53,'flamethrower',1,10,90,15,100,0,10,3,5,'10',2,1,17),(55,'water-gun',1,11,40,25,100,0,10,3,1,'',3,1,5),(56,'hydro-pump',1,11,110,5,80,0,10,3,1,'',2,1,17),(57,'surf',1,11,90,15,100,0,9,3,258,'',2,2,17),(58,'ice-beam',1,15,90,10,100,0,10,3,6,'10',2,23,17),(59,'blizzard',1,15,110,5,70,0,11,3,261,'10',2,1,17),(60,'psybeam',1,14,65,20,100,0,10,3,77,'10',2,21,17),(61,'bubble-beam',1,11,65,20,100,0,10,3,71,'10',2,5,2),(62,'aurora-beam',1,15,65,20,100,0,10,3,69,'10',2,23,17),(63,'hyper-beam',1,1,150,5,90,0,10,3,81,'',1,6,22),(64,'peck',1,3,35,35,100,0,10,2,1,'',1,1,5),(65,'drill-peck',1,3,80,20,100,0,10,2,1,'',1,1,5),(66,'submission',1,2,80,20,80,0,10,2,49,'',1,3,5),(70,'strength',1,1,80,15,100,0,10,2,1,'',5,23,5),(71,'absorb',1,12,20,25,100,0,10,3,4,'',4,9,20),(72,'mega-drain',1,12,40,15,100,0,10,3,4,'',4,4,20),(75,'razor-leaf',1,12,55,25,95,0,11,2,44,'',1,2,5),(76,'solar-beam',1,12,120,10,100,0,10,3,152,'',1,1,6),(80,'petal-dance',1,12,120,10,100,0,8,3,28,'',2,6,21),(83,'fire-spin',1,10,35,15,85,0,10,3,43,'100',2,24,21),(84,'thunder-shock',1,13,40,30,100,0,10,3,7,'10',1,1,5),(85,'thunderbolt',1,13,90,15,100,0,10,3,7,'10',1,1,17),(87,'thunder',1,13,110,10,70,0,10,3,153,'30',1,8,17),(88,'rock-throw',1,6,50,15,90,0,10,2,1,'',5,12,5),(89,'earthquake',1,5,100,10,100,0,9,2,148,'',5,5,18),(91,'dig',1,5,80,10,100,0,10,2,257,'',4,15,6),(93,'confusion',1,14,50,25,100,0,10,3,77,'10',4,9,5),(94,'psychic',1,14,90,10,100,0,10,3,73,'10',4,5,17),(98,'quick-attack',1,1,40,30,100,1,10,2,104,'',1,30,1),(99,'rage',1,1,20,20,100,0,10,2,82,'',1,17,11),(120,'self-destruct',1,1,200,5,100,0,9,2,8,'',2,7,9),(121,'egg-bomb',1,1,100,10,75,0,10,2,1,'',5,1,5),(122,'lick',1,8,30,30,100,0,10,2,7,'30',5,4,16),(123,'smog',1,4,30,20,70,0,10,3,3,'40',5,5,5),(124,'sludge',1,4,65,20,100,0,10,3,3,'30',5,4,18),(125,'bone-club',1,5,65,20,85,0,10,2,32,'10',5,10,5),(126,'fire-blast',1,10,110,5,85,0,10,3,5,'10',2,1,17),(127,'waterfall',1,11,80,15,100,0,10,2,32,'20',5,28,5),(128,'clamp',1,11,35,15,85,0,10,2,43,'100',5,24,5),(130,'skull-bash',1,1,130,10,100,0,10,2,146,'100',5,4,6),(131,'spike-cannon',1,1,20,15,100,0,10,2,30,'',1,10,7),(132,'constrict',1,1,10,35,100,0,10,2,71,'10',5,9,21),(136,'high-jump-kick',1,2,130,10,90,0,10,2,46,'',1,3,5),(138,'dream-eater',1,14,100,15,100,0,10,3,9,'',4,8,20),(140,'barrage',1,1,15,20,85,0,10,2,30,'',5,12,7),(141,'leech-life',1,7,20,15,100,0,10,2,4,'',4,9,20),(143,'sky-attack',1,3,140,5,90,0,10,2,76,'30',1,2,6),(145,'bubble',1,11,40,30,100,0,11,3,71,'10',3,8,2),(146,'dizzy-punch',1,1,70,10,100,0,10,2,77,'20',1,4,16),(152,'crabhammer',1,11,100,10,90,0,10,2,44,'',5,2,18),(153,'explosion',1,1,250,5,100,0,9,2,8,'',2,7,9),(154,'fury-swipes',1,1,18,15,80,0,10,2,30,'',5,10,7),(155,'bonemerang',1,5,50,10,90,0,10,2,45,'',5,1,7),(157,'rock-slide',1,6,75,10,90,0,11,2,32,'30',5,5,5),(158,'hyper-fang',1,1,80,15,90,0,10,2,32,'10',1,4,18),(161,'tri-attack',1,1,80,10,100,0,10,3,37,'20',2,8,5),(163,'slash',1,1,70,20,100,0,10,2,44,'',1,2,5),(167,'triple-kick',2,2,10,10,90,0,10,2,105,'',1,1,7),(168,'thief',2,17,60,25,100,0,10,2,106,'',5,20,12),(172,'flame-wheel',2,10,60,25,100,0,10,2,126,'10',2,1,7),(173,'snore',2,1,50,15,100,0,10,3,93,'30',3,1,5),(177,'aeroblast',2,3,100,5,95,0,10,3,44,'',1,2,22),(181,'powder-snow',2,15,40,25,100,0,11,3,6,'10',2,1,5),(183,'mach-punch',2,2,40,30,100,1,10,2,104,'',1,30,1),(188,'sludge-bomb',2,4,90,10,100,0,10,3,3,'30',5,10,18),(189,'mud-slap',2,5,20,10,100,0,10,3,74,'100',3,10,5),(190,'octazooka',2,11,65,10,85,0,10,3,74,'50',5,10,4),(192,'zap-cannon',2,13,120,5,50,0,10,3,7,'100',1,1,4),(196,'icy-wind',2,15,55,15,95,0,11,3,71,'100',2,5,2),(198,'bone-rush',2,5,25,10,90,0,10,2,30,'',5,1,7),(200,'outrage',2,16,120,10,100,0,8,2,28,'',1,6,7),(202,'giga-drain',2,12,75,10,100,0,10,3,4,'',4,10,20),(205,'rollout',2,6,30,20,90,0,10,2,118,'',5,24,7),(206,'false-swipe',2,1,40,40,100,0,10,2,102,'',1,5,16),(209,'spark',2,13,65,20,100,0,10,2,7,'30',1,4,5),(210,'fury-cutter',2,7,40,20,95,0,10,2,120,'',1,17,7),(211,'steel-wing',2,9,70,25,90,0,10,2,139,'10',1,12,5),(221,'sacred-fire',2,10,100,5,95,0,10,2,126,'50',2,1,22),(223,'dynamic-punch',2,2,100,5,50,0,10,2,77,'100',1,10,18),(224,'megahorn',2,7,120,10,85,0,10,2,1,'',1,12,18),(225,'dragon-breath',2,16,60,20,100,0,10,3,7,'30',1,5,17),(228,'pursuit',2,17,40,20,100,0,10,2,129,'',4,14,20),(229,'rapid-spin',2,1,20,40,100,0,10,2,130,'',1,16,17),(231,'iron-tail',2,9,100,15,75,0,10,2,70,'30',1,4,18),(232,'metal-claw',2,9,50,35,95,0,10,2,140,'10',1,1,18),(237,'hidden-power',2,1,60,15,100,0,10,3,136,'',4,17,23),(238,'cross-chop',2,2,100,5,80,0,10,2,44,'',1,2,18),(239,'twister',2,16,40,20,100,0,11,3,147,'20',1,21,5),(242,'crunch',2,17,80,15,100,0,10,2,70,'20',5,4,18),(245,'extreme-speed',2,1,80,5,100,2,10,2,104,'',1,30,1),(246,'ancient-power',2,6,60,5,100,0,10,3,141,'10',5,32,18),(247,'shadow-ball',2,8,80,15,100,0,10,3,73,'20',4,21,17),(248,'future-sight',2,14,120,10,100,0,10,3,149,'',4,24,17),(249,'rock-smash',2,2,40,15,100,0,10,2,70,'50',5,29,18),(250,'whirlpool',2,11,35,15,85,0,10,3,262,'100',2,24,21),(252,'fake-out',3,1,40,10,100,3,10,2,159,'100',3,23,17),(253,'uproar',3,1,90,10,100,0,8,3,160,'',3,21,10),(257,'heat-wave',3,10,95,10,90,0,11,3,5,'10',2,1,17),(263,'facade',3,1,70,20,100,0,10,2,170,'',3,28,15),(264,'focus-punch',3,2,150,20,100,-3,10,2,171,'',5,31,6),(265,'smelling-salts',3,1,70,10,100,0,10,2,172,'',4,9,16),(276,'superpower',3,2,120,5,100,0,10,2,183,'100',5,3,18),(279,'revenge',3,2,60,10,100,-4,10,2,186,'',5,31,15),(280,'brick-break',3,2,75,15,100,0,10,2,187,'',1,4,5),(282,'knock-off',3,17,65,20,100,0,10,2,189,'',4,4,5),(284,'eruption',3,10,150,5,100,0,11,3,191,'',2,26,18),(290,'secret-power',3,1,70,20,100,0,10,2,198,'30',4,29,14),(291,'dive',3,11,80,10,100,0,10,2,256,'',2,16,6),(292,'arm-thrust',3,2,15,20,100,0,10,2,30,'',5,10,7),(295,'luster-purge',3,14,70,5,100,0,10,3,73,'50',4,9,22),(296,'mist-ball',3,14,70,5,100,0,10,3,72,'50',4,4,22),(299,'blaze-kick',3,10,85,10,90,0,10,2,201,'10',2,1,17),(301,'ice-ball',3,15,30,20,90,0,10,2,118,'',2,24,7),(302,'needle-arm',3,12,60,15,100,0,10,2,32,'30',4,4,5),(304,'hyper-voice',3,1,90,10,100,0,11,3,1,'',1,5,5),(305,'poison-fang',3,4,50,15,100,0,10,2,203,'50',4,33,4),(306,'crush-claw',3,1,75,10,95,0,10,2,70,'50',1,4,5),(307,'blast-burn',3,10,150,5,90,0,10,3,81,'',2,6,22),(308,'hydro-cannon',3,11,150,5,90,0,10,3,81,'',2,6,22),(309,'meteor-mash',3,9,90,10,90,0,10,2,140,'20',1,12,18),(310,'astonish',3,8,30,15,100,0,10,2,32,'30',4,9,5),(311,'weather-ball',3,1,50,10,100,0,10,3,204,'',4,1,4),(314,'air-cutter',3,3,60,25,95,0,11,3,44,'',1,23,5),(315,'overheat',3,10,130,5,90,0,10,3,205,'100',2,3,22),(317,'rock-tomb',3,6,60,15,95,0,10,2,71,'100',4,24,2),(318,'silver-wind',3,7,60,5,100,0,10,3,141,'10',2,32,4),(323,'water-spout',3,11,150,5,100,0,11,3,191,'',2,26,22),(324,'signal-beam',3,7,75,15,100,0,10,3,77,'10',2,21,4),(326,'extrasensory',3,14,80,20,100,0,10,3,32,'10',1,4,17),(327,'sky-uppercut',3,2,85,15,90,0,10,2,208,'',1,23,17),(328,'sand-tomb',3,5,35,15,85,0,10,2,43,'100',4,24,21),(330,'muddy-water',3,11,90,10,85,0,11,3,74,'30',5,10,18),(331,'bullet-seed',3,12,25,30,100,0,10,2,30,'',1,14,7),(333,'icicle-spear',3,15,25,30,100,0,10,2,30,'',2,23,7),(337,'dragon-claw',3,16,80,15,100,0,10,2,1,'',1,23,17),(338,'frenzy-plant',3,12,150,5,90,0,10,3,81,'',1,6,22),(340,'bounce',3,3,85,5,85,0,10,2,264,'30',3,15,6),(341,'mud-shot',3,5,55,15,95,0,10,3,71,'100',5,5,2),(342,'poison-tail',3,4,50,25,100,0,10,2,210,'10',4,33,4),(343,'covet',3,1,60,25,100,0,10,2,106,'',3,20,12),(344,'volt-tackle',3,13,120,15,100,0,10,2,263,'10',1,3,22),(348,'leaf-blade',3,12,90,15,100,0,10,2,44,'',1,2,17),(350,'rock-blast',3,6,25,10,90,0,10,2,30,'',5,12,7),(352,'water-pulse',3,11,60,20,100,0,10,3,77,'20',2,21,17),(353,'doom-desire',3,9,140,5,100,0,10,3,149,'',1,24,17),(354,'psycho-boost',3,14,140,5,90,0,10,3,205,'100',4,3,22);
/*!40000 ALTER TABLE `moves` ENABLE KEYS */;
UNLOCK TABLES;

--
-- Table structure for table `pokedexes`
--

DROP TABLE IF EXISTS `pokedexes`;
/*!40101 SET @saved_cs_client     = @@character_set_client */;
/*!40101 SET character_set_client = utf8 */;
CREATE TABLE `pokedexes` (
  `id` int(11) DEFAULT NULL,
  `region_id` text,
  `identifier` text,
  `is_main_series` int(11) DEFAULT NULL
) ENGINE=InnoDB DEFAULT CHARSET=latin1;
/*!40101 SET character_set_client = @saved_cs_client */;

--
-- Dumping data for table `pokedexes`
--

LOCK TABLES `pokedexes` WRITE;
/*!40000 ALTER TABLE `pokedexes` DISABLE KEYS */;
INSERT INTO `pokedexes` VALUES (1,'','national',1),(2,'1','kanto',1),(3,'2','original-johto',1),(4,'3','hoenn',1),(5,'4','original-sinnoh',1),(6,'4','extended-sinnoh',1),(7,'2','updated-johto',1),(8,'5','original-unova',1),(9,'5','updated-unova',1),(11,'','conquest-gallery',0),(12,'6','kalos-central',1),(13,'6','kalos-coastal',1),(14,'6','kalos-mountain',1),(15,'3','updated-hoenn',1);
/*!40000 ALTER TABLE `pokedexes` ENABLE KEYS */;
UNLOCK TABLES;

--
-- Table structure for table `pokemon`
--

DROP TABLE IF EXISTS `pokemon`;
/*!40101 SET @saved_cs_client     = @@character_set_client */;
/*!40101 SET character_set_client = utf8 */;
CREATE TABLE `pokemon` (
  `id` int(11) DEFAULT NULL,
  `identifier` text,
  `species_id` int(11) DEFAULT NULL,
  `height` int(11) DEFAULT NULL,
  `weight` int(11) DEFAULT NULL,
  `base_experience` int(11) DEFAULT NULL,
  `order` int(11) DEFAULT NULL,
  `is_default` int(11) DEFAULT NULL
) ENGINE=InnoDB DEFAULT CHARSET=latin1;
/*!40101 SET character_set_client = @saved_cs_client */;

--
-- Dumping data for table `pokemon`
--

LOCK TABLES `pokemon` WRITE;
/*!40000 ALTER TABLE `pokemon` DISABLE KEYS */;
INSERT INTO `pokemon` VALUES (1,'bulbasaur',1,7,69,64,1,1),(2,'ivysaur',2,10,130,142,2,1),(3,'venusaur',3,20,1000,236,3,1),(4,'charmander',4,6,85,62,5,1),(5,'charmeleon',5,11,190,142,6,1),(6,'charizard',6,17,905,240,7,1),(7,'squirtle',7,5,90,63,10,1),(8,'wartortle',8,10,225,142,11,1),(9,'blastoise',9,16,855,239,12,1),(10,'caterpie',10,3,29,39,14,1),(11,'metapod',11,7,99,72,15,1),(12,'butterfree',12,11,320,178,16,1),(13,'weedle',13,3,32,39,17,1),(14,'kakuna',14,6,100,72,18,1),(15,'beedrill',15,10,295,178,19,1),(16,'pidgey',16,3,18,50,21,1),(17,'pidgeotto',17,11,300,122,22,1),(18,'pidgeot',18,15,395,216,23,1),(19,'rattata',19,3,35,51,25,1),(20,'raticate',20,7,185,145,26,1),(21,'spearow',21,3,20,52,27,1),(22,'fearow',22,12,380,155,28,1),(23,'ekans',23,20,69,58,29,1),(24,'arbok',24,35,650,153,30,1),(25,'pikachu',25,4,60,112,32,1),(26,'raichu',26,8,300,218,39,1),(27,'sandshrew',27,6,120,60,40,1),(28,'sandslash',28,10,295,158,41,1),(29,'nidoran-f',29,4,70,55,42,1),(30,'nidorina',30,8,200,128,43,1),(31,'nidoqueen',31,13,600,227,44,1),(32,'nidoran-m',32,5,90,55,45,1),(33,'nidorino',33,9,195,128,46,1),(34,'nidoking',34,14,620,227,47,1),(35,'clefairy',35,6,75,113,49,1),(36,'clefable',36,13,400,217,50,1),(37,'vulpix',37,6,99,60,51,1),(38,'ninetales',38,11,199,177,52,1),(39,'jigglypuff',39,5,55,95,54,1),(40,'wigglytuff',40,10,120,196,55,1),(41,'zubat',41,8,75,49,56,1),(42,'golbat',42,16,550,159,57,1),(43,'oddish',43,5,54,64,59,1),(44,'gloom',44,8,86,138,60,1),(45,'vileplume',45,12,186,221,61,1),(46,'paras',46,3,54,57,63,1),(47,'parasect',47,10,295,142,64,1),(48,'venonat',48,10,300,61,65,1),(49,'venomoth',49,15,125,158,66,1),(50,'diglett',50,2,8,53,67,1),(51,'dugtrio',51,7,333,142,68,1),(52,'meowth',52,4,42,58,69,1),(53,'persian',53,10,320,154,70,1),(54,'psyduck',54,8,196,64,71,1),(55,'golduck',55,17,766,175,72,1),(56,'mankey',56,5,280,61,73,1),(57,'primeape',57,10,320,159,74,1),(58,'growlithe',58,7,190,70,75,1),(59,'arcanine',59,19,1550,194,76,1),(60,'poliwag',60,6,124,60,77,1),(61,'poliwhirl',61,10,200,135,78,1),(62,'poliwrath',62,13,540,230,79,1),(63,'abra',63,9,195,62,81,1),(64,'kadabra',64,13,565,140,82,1),(65,'alakazam',65,15,480,225,83,1),(66,'machop',66,8,195,61,85,1),(67,'machoke',67,15,705,142,86,1),(68,'machamp',68,16,1300,227,87,1),(69,'bellsprout',69,7,40,60,88,1),(70,'weepinbell',70,10,64,137,89,1),(71,'victreebel',71,17,155,221,90,1),(72,'tentacool',72,9,455,67,91,1),(73,'tentacruel',73,16,550,180,92,1),(74,'geodude',74,4,200,60,93,1),(75,'graveler',75,10,1050,137,94,1),(76,'golem',76,14,3000,223,95,1),(77,'ponyta',77,10,300,82,96,1),(78,'rapidash',78,17,950,175,97,1),(79,'slowpoke',79,12,360,63,98,1),(80,'slowbro',80,16,785,172,99,1),(81,'magnemite',81,3,60,65,102,1),(82,'magneton',82,10,600,163,103,1),(83,'farfetchd',83,8,150,123,105,1),(84,'doduo',84,14,392,62,106,1),(85,'dodrio',85,18,852,161,107,1),(86,'seel',86,11,900,65,108,1),(87,'dewgong',87,17,1200,166,109,1),(88,'grimer',88,9,300,65,110,1),(89,'muk',89,12,300,175,111,1),(90,'shellder',90,3,40,61,112,1),(91,'cloyster',91,15,1325,184,113,1),(92,'gastly',92,13,1,62,114,1),(93,'haunter',93,16,1,142,115,1),(94,'gengar',94,15,405,225,116,1),(95,'onix',95,88,2100,77,118,1),(96,'drowzee',96,10,324,66,121,1),(97,'hypno',97,16,756,169,122,1),(98,'krabby',98,4,65,65,123,1),(99,'kingler',99,13,600,166,124,1),(100,'voltorb',100,5,104,66,125,1),(101,'electrode',101,12,666,168,126,1),(102,'exeggcute',102,4,25,65,127,1),(103,'exeggutor',103,20,1200,182,128,1),(104,'cubone',104,4,65,64,129,1),(105,'marowak',105,10,450,149,130,1),(106,'hitmonlee',106,15,498,159,132,1),(107,'hitmonchan',107,14,502,159,133,1),(108,'lickitung',108,12,655,77,135,1),(109,'koffing',109,6,10,68,137,1),(110,'weezing',110,12,95,172,138,1),(111,'rhyhorn',111,10,1150,69,139,1),(112,'rhydon',112,19,1200,170,140,1),(113,'chansey',113,11,346,395,143,1),(114,'tangela',114,10,350,87,145,1),(115,'kangaskhan',115,22,800,172,147,1),(116,'horsea',116,4,80,59,149,1),(117,'seadra',117,12,250,154,150,1),(118,'goldeen',118,6,150,64,152,1),(119,'seaking',119,13,390,158,153,1),(120,'staryu',120,8,345,68,154,1),(121,'starmie',121,11,800,182,155,1),(122,'mr-mime',122,13,545,161,157,1),(123,'scyther',123,15,560,100,158,1),(124,'jynx',124,14,406,159,162,1),(125,'electabuzz',125,11,300,172,164,1),(126,'magmar',126,13,445,173,167,1),(127,'pinsir',127,15,550,175,169,1),(128,'tauros',128,14,884,172,171,1),(129,'magikarp',129,9,100,40,172,1),(130,'gyarados',130,65,2350,189,173,1),(131,'lapras',131,25,2200,187,175,1),(132,'ditto',132,3,40,101,176,1),(133,'eevee',133,3,65,65,177,1),(134,'vaporeon',134,10,290,184,178,1),(135,'jolteon',135,8,245,184,179,1),(136,'flareon',136,9,250,184,180,1),(137,'porygon',137,8,365,79,186,1),(138,'omanyte',138,4,75,71,189,1),(139,'omastar',139,10,350,173,190,1),(140,'kabuto',140,5,115,71,191,1),(141,'kabutops',141,13,405,173,192,1),(142,'aerodactyl',142,18,590,180,193,1),(143,'snorlax',143,21,4600,189,196,1),(144,'articuno',144,17,554,261,197,1),(145,'zapdos',145,16,526,261,198,1),(146,'moltres',146,20,600,261,199,1),(147,'dratini',147,18,33,60,200,1),(148,'dragonair',148,40,165,147,201,1),(149,'dragonite',149,22,2100,270,202,1),(150,'mewtwo',150,20,1220,306,203,1),(151,'mew',151,4,40,270,206,1),(152,'chikorita',152,9,64,64,207,1),(153,'bayleef',153,12,158,142,208,1),(154,'meganium',154,18,1005,236,209,1),(155,'cyndaquil',155,5,79,62,210,1),(156,'quilava',156,9,190,142,211,1),(157,'typhlosion',157,17,795,240,212,1),(158,'totodile',158,6,95,63,213,1),(159,'croconaw',159,11,250,142,214,1),(160,'feraligatr',160,23,888,239,215,1),(161,'sentret',161,8,60,43,216,1),(162,'furret',162,18,325,145,217,1),(163,'hoothoot',163,7,212,52,218,1),(164,'noctowl',164,16,408,155,219,1),(165,'ledyba',165,10,108,53,220,1),(166,'ledian',166,14,356,137,221,1),(167,'spinarak',167,5,85,50,222,1),(168,'ariados',168,11,335,137,223,1),(169,'crobat',169,18,750,241,58,1),(170,'chinchou',170,5,120,66,224,1),(171,'lanturn',171,12,225,161,225,1),(172,'pichu',172,3,20,41,31,1),(173,'cleffa',173,3,30,44,48,1),(174,'igglybuff',174,3,10,42,53,1),(175,'togepi',175,3,15,49,226,1),(176,'togetic',176,6,32,142,227,1),(177,'natu',177,2,20,64,229,1),(178,'xatu',178,15,150,165,230,1),(179,'mareep',179,6,78,56,231,1),(180,'flaaffy',180,8,133,128,232,1),(181,'ampharos',181,14,615,230,233,1),(182,'bellossom',182,4,58,221,62,1),(183,'marill',183,4,85,88,236,1),(184,'azumarill',184,8,285,189,237,1),(185,'sudowoodo',185,12,380,144,239,1),(186,'politoed',186,11,339,225,80,1),(187,'hoppip',187,4,5,50,240,1),(188,'skiploom',188,6,10,119,241,1),(189,'jumpluff',189,8,30,207,242,1),(190,'aipom',190,8,115,72,243,1),(191,'sunkern',191,3,18,36,245,1),(192,'sunflora',192,8,85,149,246,1),(193,'yanma',193,12,380,78,247,1),(194,'wooper',194,4,85,42,249,1),(195,'quagsire',195,14,750,151,250,1),(196,'espeon',196,9,265,184,181,1),(197,'umbreon',197,10,270,184,182,1),(198,'murkrow',198,5,21,81,251,1),(199,'slowking',199,20,795,172,101,1),(200,'misdreavus',200,7,10,87,253,1),(201,'unown',201,5,50,118,255,1),(202,'wobbuffet',202,13,285,142,257,1),(203,'girafarig',203,15,415,159,258,1),(204,'pineco',204,6,72,58,259,1),(205,'forretress',205,12,1258,163,260,1),(206,'dunsparce',206,15,140,145,261,1),(207,'gligar',207,11,648,86,262,1),(208,'steelix',208,92,4000,179,119,1),(209,'snubbull',209,6,78,60,264,1),(210,'granbull',210,14,487,158,265,1),(211,'qwilfish',211,5,39,86,266,1),(212,'scizor',212,18,1180,175,159,1),(213,'shuckle',213,6,205,177,267,1),(214,'heracross',214,15,540,175,268,1),(215,'sneasel',215,9,280,86,270,1),(216,'teddiursa',216,6,88,66,272,1),(217,'ursaring',217,18,1258,175,273,1),(218,'slugma',218,7,350,50,274,1),(219,'magcargo',219,8,550,144,275,1),(220,'swinub',220,4,65,50,276,1),(221,'piloswine',221,11,558,158,277,1),(222,'corsola',222,6,50,133,279,1),(223,'remoraid',223,6,120,60,280,1),(224,'octillery',224,9,285,168,281,1),(225,'delibird',225,9,160,116,282,1),(226,'mantine',226,21,2200,163,284,1),(227,'skarmory',227,17,505,163,285,1),(228,'houndour',228,6,108,66,286,1),(229,'houndoom',229,14,350,175,287,1),(230,'kingdra',230,18,1520,243,151,1),(231,'phanpy',231,5,335,66,289,1),(232,'donphan',232,11,1200,175,290,1),(233,'porygon2',233,6,325,180,187,1),(234,'stantler',234,14,712,163,291,1),(235,'smeargle',235,12,580,88,292,1),(236,'tyrogue',236,7,210,42,131,1),(237,'hitmontop',237,14,480,159,134,1),(238,'smoochum',238,4,60,61,161,1),(239,'elekid',239,6,235,72,163,1),(240,'magby',240,7,214,73,166,1),(241,'miltank',241,12,755,172,293,1),(242,'blissey',242,15,468,608,144,1),(243,'raikou',243,19,1780,261,294,1),(244,'entei',244,21,1980,261,295,1),(245,'suicune',245,20,1870,261,296,1),(246,'larvitar',246,6,720,60,297,1),(247,'pupitar',247,12,1520,144,298,1),(248,'tyranitar',248,20,2020,270,299,1),(249,'lugia',249,52,2160,306,301,1),(250,'ho-oh',250,38,1990,306,302,1),(251,'celebi',251,6,50,270,303,1),(252,'treecko',252,5,50,62,304,1),(253,'grovyle',253,9,216,142,305,1),(254,'sceptile',254,17,522,239,306,1),(255,'torchic',255,4,25,62,308,1),(256,'combusken',256,9,195,142,309,1),(257,'blaziken',257,19,520,239,310,1),(258,'mudkip',258,4,76,62,312,1),(259,'marshtomp',259,7,280,142,313,1),(260,'swampert',260,15,819,241,314,1),(261,'poochyena',261,5,136,44,316,1),(262,'mightyena',262,10,370,147,317,1),(263,'zigzagoon',263,4,175,48,318,1),(264,'linoone',264,5,325,147,319,1),(265,'wurmple',265,3,36,39,320,1),(266,'silcoon',266,6,100,72,321,1),(267,'beautifly',267,10,284,178,322,1),(268,'cascoon',268,7,115,41,323,1),(269,'dustox',269,12,316,135,324,1),(270,'lotad',270,5,26,44,325,1),(271,'lombre',271,12,325,119,326,1),(272,'ludicolo',272,15,550,216,327,1),(273,'seedot',273,5,40,44,328,1),(274,'nuzleaf',274,10,280,119,329,1),(275,'shiftry',275,13,596,216,330,1),(276,'taillow',276,3,23,54,331,1),(277,'swellow',277,7,198,151,332,1),(278,'wingull',278,6,95,54,333,1),(279,'pelipper',279,12,280,151,334,1),(280,'ralts',280,4,66,40,335,1),(281,'kirlia',281,8,202,97,336,1),(282,'gardevoir',282,16,484,233,337,1),(283,'surskit',283,5,17,54,341,1),(284,'masquerain',284,8,36,145,342,1),(285,'shroomish',285,4,45,59,343,1),(286,'breloom',286,12,392,161,344,1),(287,'slakoth',287,8,240,56,345,1),(288,'vigoroth',288,14,465,154,346,1),(289,'slaking',289,20,1305,252,347,1),(290,'nincada',290,5,55,53,348,1),(291,'ninjask',291,8,120,160,349,1),(292,'shedinja',292,8,12,83,350,1),(293,'whismur',293,6,163,48,351,1),(294,'loudred',294,10,405,126,352,1),(295,'exploud',295,15,840,221,353,1),(296,'makuhita',296,10,864,47,354,1),(297,'hariyama',297,23,2538,166,355,1),(298,'azurill',298,2,20,38,235,1),(299,'nosepass',299,10,970,75,356,1),(300,'skitty',300,6,110,52,358,1),(301,'delcatty',301,11,326,133,359,1),(302,'sableye',302,5,110,133,360,1),(303,'mawile',303,6,115,133,362,1),(304,'aron',304,4,600,66,364,1),(305,'lairon',305,9,1200,151,365,1),(306,'aggron',306,21,3600,239,366,1),(307,'meditite',307,6,112,56,368,1),(308,'medicham',308,13,315,144,369,1),(309,'electrike',309,6,152,59,371,1),(310,'manectric',310,15,402,166,372,1),(311,'plusle',311,4,42,142,374,1),(312,'minun',312,4,42,142,375,1),(313,'volbeat',313,7,177,140,376,1),(314,'illumise',314,6,177,140,377,1),(315,'roselia',315,3,20,140,379,1),(316,'gulpin',316,4,103,60,381,1),(317,'swalot',317,17,800,163,382,1),(318,'carvanha',318,8,208,61,383,1),(319,'sharpedo',319,18,888,161,384,1),(320,'wailmer',320,20,1300,80,386,1),(321,'wailord',321,145,3980,175,387,1),(322,'numel',322,7,240,61,388,1),(323,'camerupt',323,19,2200,161,389,1),(324,'torkoal',324,5,804,165,391,1),(325,'spoink',325,7,306,66,392,1),(326,'grumpig',326,9,715,165,393,1),(327,'spinda',327,11,50,126,394,1),(328,'trapinch',328,7,150,58,395,1),(329,'vibrava',329,11,153,119,396,1),(330,'flygon',330,20,820,234,397,1),(331,'cacnea',331,4,513,67,398,1),(332,'cacturne',332,13,774,166,399,1),(333,'swablu',333,4,12,62,400,1),(334,'altaria',334,11,206,172,401,1),(335,'zangoose',335,13,403,160,403,1),(336,'seviper',336,27,525,160,404,1),(337,'lunatone',337,10,1680,154,405,1),(338,'solrock',338,12,1540,154,406,1),(339,'barboach',339,4,19,58,407,1),(340,'whiscash',340,9,236,164,408,1),(341,'corphish',341,6,115,62,409,1),(342,'crawdaunt',342,11,328,164,410,1),(343,'baltoy',343,5,215,60,411,1),(344,'claydol',344,15,1080,175,412,1),(345,'lileep',345,10,238,71,413,1),(346,'cradily',346,15,604,173,414,1),(347,'anorith',347,7,125,71,415,1),(348,'armaldo',348,15,682,173,416,1),(349,'feebas',349,6,74,40,417,1),(350,'milotic',350,62,1620,189,418,1),(351,'castform',351,3,8,147,419,1),(352,'kecleon',352,10,220,154,423,1),(353,'shuppet',353,6,23,59,424,1),(354,'banette',354,11,125,159,425,1),(355,'duskull',355,8,150,59,427,1),(356,'dusclops',356,16,306,159,428,1),(357,'tropius',357,20,1000,161,430,1),(358,'chimecho',358,6,10,149,432,1),(359,'absol',359,12,470,163,433,1),(360,'wynaut',360,6,140,52,256,1),(361,'snorunt',361,7,168,60,435,1),(362,'glalie',362,15,2565,168,436,1),(363,'spheal',363,8,395,58,439,1),(364,'sealeo',364,11,876,144,440,1),(365,'walrein',365,14,1506,239,441,1),(366,'clamperl',366,4,525,69,442,1),(367,'huntail',367,17,270,170,443,1),(368,'gorebyss',368,18,226,170,444,1),(369,'relicanth',369,10,234,170,445,1),(370,'luvdisc',370,6,87,116,446,1),(371,'bagon',371,6,421,60,447,1),(372,'shelgon',372,11,1105,147,448,1),(373,'salamence',373,15,1026,270,449,1),(374,'beldum',374,6,952,60,451,1),(375,'metang',375,12,2025,147,452,1),(376,'metagross',376,16,5500,270,453,1),(377,'regirock',377,17,2300,261,455,1),(378,'regice',378,18,1750,261,456,1),(379,'registeel',379,19,2050,261,457,1),(380,'latias',380,14,400,270,458,1),(381,'latios',381,20,600,270,460,1),(382,'kyogre',382,45,3520,302,462,1),(383,'groudon',383,35,9500,302,464,1),(384,'rayquaza',384,70,2065,306,466,1),(385,'jirachi',385,3,11,270,468,1),(386,'deoxys-normal',386,17,608,270,469,1),(387,'turtwig',387,4,102,64,473,1),(388,'grotle',388,11,970,142,474,1),(389,'torterra',389,22,3100,236,475,1),(390,'chimchar',390,5,62,62,476,1),(391,'monferno',391,9,220,142,477,1),(392,'infernape',392,12,550,240,478,1),(393,'piplup',393,4,52,63,479,1),(394,'prinplup',394,8,230,142,480,1),(395,'empoleon',395,17,845,239,481,1),(396,'starly',396,3,20,49,482,1),(397,'staravia',397,6,155,119,483,1),(398,'staraptor',398,12,249,218,484,1),(399,'bidoof',399,5,200,50,485,1),(400,'bibarel',400,10,315,144,486,1),(401,'kricketot',401,3,22,39,487,1),(402,'kricketune',402,10,255,134,488,1),(403,'shinx',403,5,95,53,489,1),(404,'luxio',404,9,305,127,490,1),(405,'luxray',405,14,420,235,491,1),(406,'budew',406,2,12,56,378,1),(407,'roserade',407,9,145,232,380,1),(408,'cranidos',408,9,315,70,492,1),(409,'rampardos',409,16,1025,173,493,1),(410,'shieldon',410,5,570,70,494,1),(411,'bastiodon',411,13,1495,173,495,1),(412,'burmy',412,2,34,45,496,1),(413,'wormadam-plant',413,5,65,148,497,1),(414,'mothim',414,9,233,148,500,1),(415,'combee',415,3,55,49,501,1),(416,'vespiquen',416,12,385,166,502,1),(417,'pachirisu',417,4,39,142,503,1),(418,'buizel',418,7,295,66,504,1),(419,'floatzel',419,11,335,173,505,1),(420,'cherubi',420,4,33,55,506,1),(421,'cherrim',421,5,93,158,507,1),(422,'shellos',422,3,63,65,508,1),(423,'gastrodon',423,9,299,166,509,1),(424,'ambipom',424,12,203,169,244,1),(425,'drifloon',425,4,12,70,510,1),(426,'drifblim',426,12,150,174,511,1),(427,'buneary',427,4,55,70,512,1),(428,'lopunny',428,12,333,168,513,1),(429,'mismagius',429,9,44,173,254,1),(430,'honchkrow',430,9,273,177,252,1),(431,'glameow',431,5,39,62,515,1),(432,'purugly',432,10,438,158,516,1),(433,'chingling',433,2,6,57,431,1),(434,'stunky',434,4,192,66,517,1),(435,'skuntank',435,10,380,168,518,1),(436,'bronzor',436,5,605,60,519,1),(437,'bronzong',437,13,1870,175,520,1),(438,'bonsly',438,5,150,58,238,1),(439,'mime-jr',439,6,130,62,156,1),(440,'happiny',440,6,244,110,142,1),(441,'chatot',441,5,19,144,521,1),(442,'spiritomb',442,10,1080,170,522,1),(443,'gible',443,7,205,60,523,1),(444,'gabite',444,14,560,144,524,1),(445,'garchomp',445,19,950,270,525,1),(446,'munchlax',446,6,1050,78,195,1),(447,'riolu',447,7,202,57,527,1),(448,'lucario',448,12,540,184,528,1),(449,'hippopotas',449,8,495,66,530,1),(450,'hippowdon',450,20,3000,184,531,1),(451,'skorupi',451,8,120,66,532,1),(452,'drapion',452,13,615,175,533,1),(453,'croagunk',453,7,230,60,534,1),(454,'toxicroak',454,13,444,172,535,1),(455,'carnivine',455,14,270,159,536,1),(456,'finneon',456,4,70,66,537,1),(457,'lumineon',457,12,240,161,538,1),(458,'mantyke',458,10,650,69,283,1),(459,'snover',459,10,505,67,539,1),(460,'abomasnow',460,22,1355,173,540,1),(461,'weavile',461,11,340,179,271,1),(462,'magnezone',462,12,1800,241,104,1),(463,'lickilicky',463,17,1400,180,136,1),(464,'rhyperior',464,24,2828,241,141,1),(465,'tangrowth',465,20,1286,187,146,1),(466,'electivire',466,18,1386,243,165,1),(467,'magmortar',467,16,680,243,168,1),(468,'togekiss',468,15,380,245,228,1),(469,'yanmega',469,19,515,180,248,1),(470,'leafeon',470,10,255,184,183,1),(471,'glaceon',471,8,259,184,184,1),(472,'gliscor',472,20,425,179,263,1),(473,'mamoswine',473,25,2910,239,278,1),(474,'porygon-z',474,9,340,241,188,1),(475,'gallade',475,16,520,233,339,1),(476,'probopass',476,14,3400,184,357,1),(477,'dusknoir',477,22,1066,236,429,1),(478,'froslass',478,13,266,168,438,1),(479,'rotom',479,3,3,154,542,1),(480,'uxie',480,3,3,261,548,1),(481,'mesprit',481,3,3,261,549,1),(482,'azelf',482,3,3,261,550,1),(483,'dialga',483,54,6830,306,551,1),(484,'palkia',484,42,3360,306,552,1),(485,'heatran',485,17,4300,270,553,1),(486,'regigigas',486,37,4200,302,554,1),(487,'giratina-altered',487,45,7500,306,555,1),(488,'cresselia',488,15,856,270,557,1),(489,'phione',489,4,31,216,558,1),(490,'manaphy',490,3,14,270,559,1),(491,'darkrai',491,15,505,270,560,1),(492,'shaymin-land',492,2,21,270,561,1),(493,'arceus',493,32,3200,324,563,1),(494,'victini',494,4,40,270,564,1),(495,'snivy',495,6,81,62,565,1),(496,'servine',496,8,160,145,566,1),(497,'serperior',497,33,630,238,567,1),(498,'tepig',498,5,99,62,568,1),(499,'pignite',499,10,555,146,569,1),(500,'emboar',500,16,1500,238,570,1),(501,'oshawott',501,5,59,62,571,1),(502,'dewott',502,8,245,145,572,1),(503,'samurott',503,15,946,238,573,1),(504,'patrat',504,5,116,51,574,1),(505,'watchog',505,11,270,147,575,1),(506,'lillipup',506,4,41,55,576,1),(507,'herdier',507,9,147,130,577,1),(508,'stoutland',508,12,610,225,578,1),(509,'purrloin',509,4,101,56,579,1),(510,'liepard',510,11,375,156,580,1),(511,'pansage',511,6,105,63,581,1),(512,'simisage',512,11,305,174,582,1),(513,'pansear',513,6,110,63,583,1),(514,'simisear',514,10,280,174,584,1),(515,'panpour',515,6,135,63,585,1),(516,'simipour',516,10,290,174,586,1),(517,'munna',517,6,233,58,587,1),(518,'musharna',518,11,605,170,588,1),(519,'pidove',519,3,21,53,589,1),(520,'tranquill',520,6,150,125,590,1),(521,'unfezant',521,12,290,220,591,1),(522,'blitzle',522,8,298,59,592,1),(523,'zebstrika',523,16,795,174,593,1),(524,'roggenrola',524,4,180,56,594,1),(525,'boldore',525,9,1020,137,595,1),(526,'gigalith',526,17,2600,232,596,1),(527,'woobat',527,4,21,63,597,1),(528,'swoobat',528,9,105,149,598,1),(529,'drilbur',529,3,85,66,599,1),(530,'excadrill',530,7,404,178,600,1),(531,'audino',531,11,310,390,601,1),(532,'timburr',532,6,125,61,603,1),(533,'gurdurr',533,12,400,142,604,1),(534,'conkeldurr',534,14,870,227,605,1),(535,'tympole',535,5,45,59,606,1),(536,'palpitoad',536,8,170,134,607,1),(537,'seismitoad',537,15,620,229,608,1),(538,'throh',538,13,555,163,609,1),(539,'sawk',539,14,510,163,610,1),(540,'sewaddle',540,3,25,62,611,1),(541,'swadloon',541,5,73,133,612,1),(542,'leavanny',542,12,205,225,613,1),(543,'venipede',543,4,53,52,614,1),(544,'whirlipede',544,12,585,126,615,1),(545,'scolipede',545,25,2005,218,616,1),(546,'cottonee',546,3,6,56,617,1),(547,'whimsicott',547,7,66,168,618,1),(548,'petilil',548,5,66,56,619,1),(549,'lilligant',549,11,163,168,620,1),(550,'basculin-red-striped',550,10,180,161,621,1),(551,'sandile',551,7,152,58,623,1),(552,'krokorok',552,10,334,123,624,1),(553,'krookodile',553,15,963,234,625,1),(554,'darumaka',554,6,375,63,626,1),(555,'darmanitan-standard',555,13,929,168,627,1),(556,'maractus',556,10,280,161,629,1),(557,'dwebble',557,3,145,65,630,1),(558,'crustle',558,14,2000,166,631,1),(559,'scraggy',559,6,118,70,632,1),(560,'scrafty',560,11,300,171,633,1),(561,'sigilyph',561,14,140,172,634,1),(562,'yamask',562,5,15,61,635,1),(563,'cofagrigus',563,17,765,169,636,1),(564,'tirtouga',564,7,165,71,637,1),(565,'carracosta',565,12,810,173,638,1),(566,'archen',566,5,95,71,639,1),(567,'archeops',567,14,320,177,640,1),(568,'trubbish',568,6,310,66,641,1),(569,'garbodor',569,19,1073,166,642,1),(570,'zorua',570,7,125,66,643,1),(571,'zoroark',571,16,811,179,644,1),(572,'minccino',572,4,58,60,645,1),(573,'cinccino',573,5,75,165,646,1),(574,'gothita',574,4,58,58,647,1),(575,'gothorita',575,7,180,137,648,1),(576,'gothitelle',576,15,440,221,649,1),(577,'solosis',577,3,10,58,650,1),(578,'duosion',578,6,80,130,651,1),(579,'reuniclus',579,10,201,221,652,1),(580,'ducklett',580,5,55,61,653,1),(581,'swanna',581,13,242,166,654,1),(582,'vanillite',582,4,57,61,655,1),(583,'vanillish',583,11,410,138,656,1),(584,'vanilluxe',584,13,575,241,657,1),(585,'deerling',585,6,195,67,658,1),(586,'sawsbuck',586,19,925,166,659,1),(587,'emolga',587,4,50,150,660,1),(588,'karrablast',588,5,59,63,661,1),(589,'escavalier',589,10,330,173,662,1),(590,'foongus',590,2,10,59,663,1),(591,'amoonguss',591,6,105,162,664,1),(592,'frillish',592,12,330,67,665,1),(593,'jellicent',593,22,1350,168,666,1),(594,'alomomola',594,12,316,165,667,1),(595,'joltik',595,1,6,64,668,1),(596,'galvantula',596,8,143,165,669,1),(597,'ferroseed',597,6,188,61,670,1),(598,'ferrothorn',598,10,1100,171,671,1),(599,'klink',599,3,210,60,672,1),(600,'klang',600,6,510,154,673,1),(601,'klinklang',601,6,810,234,674,1),(602,'tynamo',602,2,3,55,675,1),(603,'eelektrik',603,12,220,142,676,1),(604,'eelektross',604,21,805,232,677,1),(605,'elgyem',605,5,90,67,678,1),(606,'beheeyem',606,10,345,170,679,1),(607,'litwick',607,3,31,55,680,1),(608,'lampent',608,6,130,130,681,1),(609,'chandelure',609,10,343,234,682,1),(610,'axew',610,6,180,64,683,1),(611,'fraxure',611,10,360,144,684,1),(612,'haxorus',612,18,1055,243,685,1),(613,'cubchoo',613,5,85,61,686,1),(614,'beartic',614,26,2600,170,687,1),(615,'cryogonal',615,11,1480,170,688,1),(616,'shelmet',616,4,77,61,689,1),(617,'accelgor',617,8,253,173,690,1),(618,'stunfisk',618,7,110,165,691,1),(619,'mienfoo',619,9,200,70,692,1),(620,'mienshao',620,14,355,179,693,1),(621,'druddigon',621,16,1390,170,694,1),(622,'golett',622,10,920,61,695,1),(623,'golurk',623,28,3300,169,696,1),(624,'pawniard',624,5,102,68,697,1),(625,'bisharp',625,16,700,172,698,1),(626,'bouffalant',626,16,946,172,699,1),(627,'rufflet',627,5,105,70,700,1),(628,'braviary',628,15,410,179,701,1),(629,'vullaby',629,5,90,74,702,1),(630,'mandibuzz',630,12,395,179,703,1),(631,'heatmor',631,14,580,169,704,1),(632,'durant',632,3,330,169,705,1),(633,'deino',633,8,173,60,706,1),(634,'zweilous',634,14,500,147,707,1),(635,'hydreigon',635,18,1600,270,708,1),(636,'larvesta',636,11,288,72,709,1),(637,'volcarona',637,16,460,248,710,1),(638,'cobalion',638,21,2500,261,711,1),(639,'terrakion',639,19,2600,261,712,1),(640,'virizion',640,20,2000,261,713,1),(641,'tornadus-incarnate',641,15,630,261,714,1),(642,'thundurus-incarnate',642,15,610,261,716,1),(643,'reshiram',643,32,3300,306,718,1),(644,'zekrom',644,29,3450,306,719,1),(645,'landorus-incarnate',645,15,680,270,720,1),(646,'kyurem',646,30,3250,297,722,1),(647,'keldeo-ordinary',647,14,485,261,725,1),(648,'meloetta-aria',648,6,65,270,727,1),(649,'genesect',649,15,825,270,729,1),(650,'chespin',650,4,90,63,730,1),(651,'quilladin',651,7,290,142,731,1),(652,'chesnaught',652,16,900,239,732,1),(653,'fennekin',653,4,94,61,733,1),(654,'braixen',654,10,145,143,734,1),(655,'delphox',655,15,390,240,735,1),(656,'froakie',656,3,70,63,736,1),(657,'frogadier',657,6,109,142,737,1),(658,'greninja',658,15,400,239,738,1),(659,'bunnelby',659,4,50,47,739,1),(660,'diggersby',660,10,424,148,740,1),(661,'fletchling',661,3,17,56,741,1),(662,'fletchinder',662,7,160,134,742,1),(663,'talonflame',663,12,245,175,743,1),(664,'scatterbug',664,3,25,40,744,1),(665,'spewpa',665,3,84,75,745,1),(666,'vivillon',666,12,170,185,746,1),(667,'litleo',667,6,135,74,747,1),(668,'pyroar',668,15,815,177,748,1),(669,'flabebe',669,1,1,61,749,1),(670,'floette',670,2,9,130,750,1),(671,'florges',671,11,100,248,752,1),(672,'skiddo',672,9,310,70,753,1),(673,'gogoat',673,17,910,186,754,1),(674,'pancham',674,6,80,70,755,1),(675,'pangoro',675,21,1360,173,756,1),(676,'furfrou',676,12,280,165,757,1),(677,'espurr',677,3,35,71,758,1),(678,'meowstic-male',678,6,85,163,759,1),(679,'honedge',679,8,20,65,761,1),(680,'doublade',680,8,45,157,762,1),(681,'aegislash-shield',681,17,530,234,763,1),(682,'spritzee',682,2,5,68,765,1),(683,'aromatisse',683,8,155,162,766,1),(684,'swirlix',684,4,35,68,767,1),(685,'slurpuff',685,8,50,168,768,1),(686,'inkay',686,4,35,58,769,1),(687,'malamar',687,15,470,169,770,1),(688,'binacle',688,5,310,61,771,1),(689,'barbaracle',689,13,960,175,772,1),(690,'skrelp',690,5,73,64,773,1),(691,'dragalge',691,18,815,173,774,1),(692,'clauncher',692,5,83,66,775,1),(693,'clawitzer',693,13,353,100,776,1),(694,'helioptile',694,5,60,58,777,1),(695,'heliolisk',695,10,210,168,778,1),(696,'tyrunt',696,8,260,72,779,1),(697,'tyrantrum',697,25,2700,182,780,1),(698,'amaura',698,13,252,72,781,1),(699,'aurorus',699,27,2250,104,782,1),(700,'sylveon',700,10,235,184,185,1),(701,'hawlucha',701,8,215,175,783,1),(702,'dedenne',702,2,22,151,784,1),(703,'carbink',703,3,57,100,785,1),(704,'goomy',704,3,28,60,786,1),(705,'sliggoo',705,8,175,158,787,1),(706,'goodra',706,20,1505,270,788,1),(707,'klefki',707,2,30,165,789,1),(708,'phantump',708,4,70,62,790,1),(709,'trevenant',709,15,710,166,791,1),(710,'pumpkaboo-average',710,4,50,67,793,1),(711,'gourgeist-average',711,9,125,173,797,1),(712,'bergmite',712,10,995,61,800,1),(713,'avalugg',713,20,5050,180,801,1),(714,'noibat',714,5,80,49,802,1),(715,'noivern',715,15,850,187,803,1),(716,'xerneas',716,30,2150,306,804,1),(717,'yveltal',717,58,2030,306,805,1),(718,'zygarde',718,50,3050,270,806,1),(719,'diancie',719,7,88,270,807,1),(720,'hoopa',720,5,90,270,809,1),(721,'volcanion',721,17,1950,270,811,1),(10001,'deoxys-attack',386,17,608,270,470,0),(10002,'deoxys-defense',386,17,608,270,471,0),(10003,'deoxys-speed',386,17,608,270,472,0),(10004,'wormadam-sandy',413,5,65,148,498,0),(10005,'wormadam-trash',413,5,65,148,499,0),(10006,'shaymin-sky',492,4,52,270,562,0),(10007,'giratina-origin',487,69,6500,306,556,0),(10008,'rotom-heat',479,3,3,182,543,0),(10009,'rotom-wash',479,3,3,182,544,0),(10010,'rotom-frost',479,3,3,182,545,0),(10011,'rotom-fan',479,3,3,182,546,0),(10012,'rotom-mow',479,3,3,182,547,0),(10013,'castform-sunny',351,3,8,147,420,0),(10014,'castform-rainy',351,3,8,147,421,0),(10015,'castform-snowy',351,3,8,147,422,0),(10016,'basculin-blue-striped',550,10,180,161,622,0),(10017,'darmanitan-zen',555,13,929,189,628,0),(10018,'meloetta-pirouette',648,6,65,270,728,0),(10019,'tornadus-therian',641,14,630,261,715,0),(10020,'thundurus-therian',642,30,610,261,717,0),(10021,'landorus-therian',645,13,680,270,721,0),(10022,'kyurem-black',646,33,3250,315,723,0),(10023,'kyurem-white',646,36,3250,315,724,0),(10024,'keldeo-resolute',647,14,485,261,726,0),(10025,'meowstic-female',678,6,85,163,760,0),(10026,'aegislash-blade',681,17,530,234,764,0),(10027,'pumpkaboo-small',710,3,35,67,792,0),(10028,'pumpkaboo-large',710,5,75,67,794,0),(10029,'pumpkaboo-super',710,8,150,67,795,0),(10030,'gourgeist-small',711,7,95,173,796,0),(10031,'gourgeist-large',711,11,140,173,798,0),(10032,'gourgeist-super',711,17,390,173,799,0),(10033,'venusaur-mega',3,24,1555,281,4,0),(10034,'charizard-mega-x',6,17,1105,285,8,0),(10035,'charizard-mega-y',6,17,1005,285,9,0),(10036,'blastoise-mega',9,16,1011,284,13,0),(10037,'alakazam-mega',65,12,480,266,84,0),(10038,'gengar-mega',94,14,405,270,117,0),(10039,'kangaskhan-mega',115,22,1000,207,148,0),(10040,'pinsir-mega',127,17,590,210,170,0),(10041,'gyarados-mega',130,65,3050,224,174,0),(10042,'aerodactyl-mega',142,21,790,215,194,0),(10043,'mewtwo-mega-x',150,23,1270,351,204,0),(10044,'mewtwo-mega-y',150,15,330,351,205,0),(10045,'ampharos-mega',181,14,615,275,234,0),(10046,'scizor-mega',212,20,1250,210,160,0),(10047,'heracross-mega',214,17,625,210,269,0),(10048,'houndoom-mega',229,19,495,210,288,0),(10049,'tyranitar-mega',248,25,2550,315,300,0),(10050,'blaziken-mega',257,19,520,284,311,0),(10051,'gardevoir-mega',282,16,484,278,338,0),(10052,'mawile-mega',303,10,235,168,363,0),(10053,'aggron-mega',306,22,3950,284,367,0),(10054,'medicham-mega',308,13,315,179,370,0),(10055,'manectric-mega',310,18,440,201,373,0),(10056,'banette-mega',354,12,130,194,426,0),(10057,'absol-mega',359,12,490,198,434,0),(10058,'garchomp-mega',445,19,950,315,526,0),(10059,'lucario-mega',448,13,575,219,529,0),(10060,'abomasnow-mega',460,27,1850,208,541,0),(10061,'floette-eternal',670,2,9,243,751,0),(10062,'latias-mega',380,18,520,315,459,0),(10063,'latios-mega',381,23,700,315,461,0),(10064,'swampert-mega',260,19,1020,286,315,0),(10065,'sceptile-mega',254,19,552,284,307,0),(10066,'sableye-mega',302,5,1610,168,361,0),(10067,'altaria-mega',334,15,206,207,402,0),(10068,'gallade-mega',475,16,564,278,340,0),(10069,'audino-mega',531,15,320,425,602,0),(10070,'sharpedo-mega',319,25,1303,196,385,0),(10071,'slowbro-mega',80,20,1200,207,100,0),(10072,'steelix-mega',208,105,7400,214,120,0),(10073,'pidgeot-mega',18,22,505,261,24,0),(10074,'glalie-mega',362,21,3502,203,437,0),(10075,'diancie-mega',719,11,278,315,808,0),(10076,'metagross-mega',376,25,9429,315,454,0),(10077,'kyogre-primal',382,98,4300,347,463,0),(10078,'groudon-primal',383,50,9997,347,465,0),(10079,'rayquaza-mega',384,108,3920,351,467,0),(10080,'pikachu-rock-star',25,40,60,112,34,0),(10081,'pikachu-belle',25,40,60,112,35,0),(10082,'pikachu-pop-star',25,40,60,112,36,0),(10083,'pikachu-phd',25,40,60,112,37,0),(10084,'pikachu-libre',25,40,60,112,38,0),(10085,'pikachu-cosplay',25,40,60,112,33,0),(10086,'hoopa-unbound',720,65,4900,306,810,0),(10087,'camerupt-mega',323,25,3205,196,390,0),(10088,'lopunny-mega',428,13,283,203,514,0),(10089,'salamence-mega',373,18,1126,315,450,0),(10090,'beedrill-mega',15,14,405,223,20,0);
/*!40000 ALTER TABLE `pokemon` ENABLE KEYS */;
UNLOCK TABLES;

--
-- Table structure for table `pokemon_habitats`
--

DROP TABLE IF EXISTS `pokemon_habitats`;
/*!40101 SET @saved_cs_client     = @@character_set_client */;
/*!40101 SET character_set_client = utf8 */;
CREATE TABLE `pokemon_habitats` (
  `id` int(11) DEFAULT NULL,
  `identifier` text
) ENGINE=InnoDB DEFAULT CHARSET=latin1;
/*!40101 SET character_set_client = @saved_cs_client */;

--
-- Dumping data for table `pokemon_habitats`
--

LOCK TABLES `pokemon_habitats` WRITE;
/*!40000 ALTER TABLE `pokemon_habitats` DISABLE KEYS */;
INSERT INTO `pokemon_habitats` VALUES (1,'cave'),(2,'forest'),(3,'grassland'),(4,'mountain'),(5,'rare'),(6,'rough-terrain'),(7,'sea'),(8,'urban'),(9,'waters-edge');
/*!40000 ALTER TABLE `pokemon_habitats` ENABLE KEYS */;
UNLOCK TABLES;

--
-- Table structure for table `regions`
--

DROP TABLE IF EXISTS `regions`;
/*!40101 SET @saved_cs_client     = @@character_set_client */;
/*!40101 SET character_set_client = utf8 */;
CREATE TABLE `regions` (
  `id` int(11) DEFAULT NULL,
  `identifier` text
) ENGINE=InnoDB DEFAULT CHARSET=latin1;
/*!40101 SET character_set_client = @saved_cs_client */;

--
-- Dumping data for table `regions`
--

LOCK TABLES `regions` WRITE;
/*!40000 ALTER TABLE `regions` DISABLE KEYS */;
INSERT INTO `regions` VALUES (1,'kanto'),(2,'johto'),(3,'hoenn'),(4,'sinnoh'),(5,'unova'),(6,'kalos');
/*!40000 ALTER TABLE `regions` ENABLE KEYS */;
UNLOCK TABLES;

--
-- Table structure for table `types`
--

DROP TABLE IF EXISTS `types`;
/*!40101 SET @saved_cs_client     = @@character_set_client */;
/*!40101 SET character_set_client = utf8 */;
CREATE TABLE `types` (
  `id` int(11) DEFAULT NULL,
  `identifier` text,
  `generation_id` int(11) DEFAULT NULL,
  `damage_class_id` int(11) DEFAULT NULL
) ENGINE=InnoDB DEFAULT CHARSET=latin1;
/*!40101 SET character_set_client = @saved_cs_client */;

--
-- Dumping data for table `types`
--

LOCK TABLES `types` WRITE;
/*!40000 ALTER TABLE `types` DISABLE KEYS */;
INSERT INTO `types` VALUES (1,'normal',1,2),(2,'fighting',1,2),(3,'flying',1,2),(4,'poison',1,2),(5,'ground',1,2),(6,'rock',1,2),(7,'bug',1,2),(8,'ghost',1,2),(9,'steel',2,2),(10,'fire',1,3),(11,'water',1,3),(12,'grass',1,3),(13,'electric',1,3),(14,'psychic',1,3),(15,'ice',1,3),(16,'dragon',1,3),(17,'dark',2,3);
/*!40000 ALTER TABLE `types` ENABLE KEYS */;
UNLOCK TABLES;

--
-- Table structure for table `versions`
--

DROP TABLE IF EXISTS `versions`;
/*!40101 SET @saved_cs_client     = @@character_set_client */;
/*!40101 SET character_set_client = utf8 */;
CREATE TABLE `versions` (
  `id` int(11) DEFAULT NULL,
  `version_group_id` int(11) DEFAULT NULL,
  `identifier` text
) ENGINE=InnoDB DEFAULT CHARSET=latin1;
/*!40101 SET character_set_client = @saved_cs_client */;

--
-- Dumping data for table `versions`
--

LOCK TABLES `versions` WRITE;
/*!40000 ALTER TABLE `versions` DISABLE KEYS */;
INSERT INTO `versions` VALUES (1,1,'red'),(2,1,'blue'),(3,2,'yellow'),(4,3,'gold'),(5,3,'silver'),(6,4,'crystal'),(7,5,'ruby'),(8,5,'sapphire'),(9,6,'emerald'),(10,7,'firered'),(11,7,'leafgreen'),(12,8,'diamond'),(13,8,'pearl'),(14,9,'platinum'),(15,10,'heartgold'),(16,10,'soulsilver'),(17,11,'black'),(18,11,'white'),(19,12,'colosseum'),(20,13,'xd'),(21,14,'black-2'),(22,14,'white-2'),(23,15,'x'),(24,15,'y'),(25,16,'omega-ruby'),(26,16,'alpha-sapphire');
/*!40000 ALTER TABLE `versions` ENABLE KEYS */;
UNLOCK TABLES;
/*!40103 SET TIME_ZONE=@OLD_TIME_ZONE */;

/*!40101 SET SQL_MODE=@OLD_SQL_MODE */;
/*!40014 SET FOREIGN_KEY_CHECKS=@OLD_FOREIGN_KEY_CHECKS */;
/*!40014 SET UNIQUE_CHECKS=@OLD_UNIQUE_CHECKS */;
/*!40101 SET CHARACTER_SET_CLIENT=@OLD_CHARACTER_SET_CLIENT */;
/*!40101 SET CHARACTER_SET_RESULTS=@OLD_CHARACTER_SET_RESULTS */;
/*!40101 SET COLLATION_CONNECTION=@OLD_COLLATION_CONNECTION */;
/*!40111 SET SQL_NOTES=@OLD_SQL_NOTES */;

-- Dump completed on 2016-04-18 19:13:19
